origin_time,event_cnt
2019-05-21 07:38:14.383000+00:00,1
2019-05-21 07:38:17.386000+00:00,2
2019-05-21 07:38:18.031000+00:00,3
2019-05-21 07:38:19.524000+00:00,4
2019-05-21 07:38:26.943000+00:00,5
2019-05-21 07:38:41.564000+00:00,6
2019-05-21 07:38:42.928000+00:00,7
2019-05-21 07:38:44.521000+00:00,8
2019-05-21 07:38:51.477000+00:00,9
2019-05-21 07:38:53.973000+00:00,10
2019-05-21 07:38:56.239000+00:00,11
2019-05-21 07:38:57.215000+00:00,12
2019-05-21 07:38:57.607500+00:00,13
2019-05-21 07:38:57.925000+00:00,14
2019-05-21 07:38:58.508500+00:00,15
2019-05-21 07:38:58.607500+00:00,16
2019-05-21 07:38:58.814000+00:00,17
2019-05-21 07:38:59.282000+00:00,18
2019-05-21 07:38:59.415000+00:00,19
2019-05-21 07:39:00.081000+00:00,20
2019-05-21 07:39:00.164000+00:00,21
2019-05-21 07:39:00.349500+00:00,22
2019-05-21 07:39:00.926500+00:00,23
2019-05-21 07:39:01.015500+00:00,24
2019-05-21 07:39:01.110000+00:00,25
2019-05-21 07:39:01.417500+00:00,26
2019-05-21 07:39:01.764000+00:00,27
2019-05-21 07:39:07.066500+00:00,28
2019-05-21 07:39:07.144500+00:00,29
2019-05-21 07:39:08.321500+00:00,30
2019-05-21 07:39:10.312500+00:00,31
2019-05-21 07:39:10.892000+00:00,32
2019-05-21 07:39:12.165000+00:00,33
2019-05-21 07:39:12.777000+00:00,34
2019-05-21 07:39:13.974000+00:00,35
2019-05-21 07:39:14.698500+00:00,36
2019-05-21 07:39:15.251500+00:00,37
2019-05-21 07:39:15.790500+00:00,38
2019-05-21 07:39:16.094000+00:00,39
2019-05-21 07:39:16.643000+00:00,40
2019-05-21 07:39:17.174500+00:00,41
2019-05-21 07:39:17.273500+00:00,42
2019-05-21 07:39:17.534000+00:00,43
2019-05-21 07:39:17.936000+00:00,44
2019-05-21 07:39:18.236000+00:00,45
2019-05-21 07:39:18.719500+00:00,46
2019-05-21 07:39:18.802500+00:00,47
2019-05-21 07:39:18.894000+00:00,48
2019-05-21 07:39:19.525500+00:00,49
2019-05-21 07:39:20.131000+00:00,50
2019-05-21 07:39:22.035000+00:00,51
2019-05-21 07:39:22.691500+00:00,52
2019-05-21 07:39:22.779500+00:00,53
2019-05-21 07:39:23.374500+00:00,54
2019-05-21 07:39:23.462500+00:00,55
2019-05-21 07:39:24.003500+00:00,56
2019-05-21 07:39:45.505500+00:00,57
2019-05-21 07:39:45.588500+00:00,58
2019-05-21 07:39:45.679000+00:00,59
2019-05-21 07:39:46.316000+00:00,60
2019-05-21 07:39:46.417000+00:00,61
2019-05-21 07:39:46.492500+00:00,62
2019-05-21 07:39:46.762000+00:00,63
2019-05-21 07:39:47.123000+00:00,64
2019-05-21 07:39:47.678000+00:00,65
2019-05-21 07:39:47.755500+00:00,66
2019-05-21 07:39:49.768000+00:00,67
2019-05-21 07:39:53.716000+00:00,68
2019-05-21 07:39:56.085000+00:00,69
2019-05-21 07:40:01.642500+00:00,70
2019-05-21 07:40:11.893000+00:00,71
2019-05-21 07:40:11.985000+00:00,72
2019-05-21 07:40:13.752500+00:00,73
2019-05-21 07:40:19.377500+00:00,74
2019-05-21 07:40:19.931500+00:00,75
2019-05-21 07:40:20.365500+00:00,76
2019-05-21 07:40:20.610000+00:00,77
2019-05-21 07:40:20.690500+00:00,78
2019-05-21 07:40:21.508500+00:00,79
2019-05-21 07:40:22.014500+00:00,80
2019-05-21 07:40:26.936000+00:00,81
2019-05-21 07:40:28.754000+00:00,82
2019-05-21 07:40:29.763000+00:00,83
2019-05-21 07:40:29.838000+00:00,84
2019-05-21 07:40:29.930000+00:00,85
2019-05-21 07:40:30.839000+00:00,86
2019-05-21 07:40:31.125500+00:00,87
2019-05-21 07:40:31.647000+00:00,88
2019-05-21 07:40:32.621000+00:00,89
2019-05-21 07:40:33.693000+00:00,90
2019-05-21 07:40:34.235000+00:00,91
2019-05-21 07:40:34.873500+00:00,92
2019-05-21 07:40:34.955500+00:00,93
2019-05-21 07:40:35.680000+00:00,94
2019-05-21 07:40:35.826000+00:00,95
2019-05-21 07:40:36.226500+00:00,96
2019-05-21 07:40:36.923000+00:00,97
2019-05-21 07:40:37+00:00,98
2019-05-21 07:40:37.102000+00:00,99
2019-05-21 07:40:37.572500+00:00,100
2019-05-21 07:40:37.923500+00:00,101
2019-05-21 07:40:38.387500+00:00,102
2019-05-21 07:40:39.147000+00:00,103
2019-05-21 07:40:39.245000+00:00,104
2019-05-21 07:40:39.814500+00:00,105
2019-05-21 07:40:39.894500+00:00,106
2019-05-21 07:40:40.017000+00:00,107
2019-05-21 07:40:40.436500+00:00,108
2019-05-21 07:40:40.529500+00:00,109
2019-05-21 07:40:40.810500+00:00,110
2019-05-21 07:40:41.323500+00:00,111
2019-05-21 07:40:41.775500+00:00,112
2019-05-21 07:40:42.101500+00:00,113
2019-05-21 07:40:42.712500+00:00,114
2019-05-21 07:40:42.796500+00:00,115
2019-05-21 07:40:43.982500+00:00,116
2019-05-21 07:40:44.090500+00:00,117
2019-05-21 07:40:44.695000+00:00,118
2019-05-21 07:40:45.262000+00:00,119
2019-05-21 07:40:45.795500+00:00,120
2019-05-21 07:40:46.645500+00:00,121
2019-05-21 07:40:46.722500+00:00,122
2019-05-21 07:40:47.253500+00:00,123
2019-05-21 07:40:47.328500+00:00,124
2019-05-21 07:40:48.166000+00:00,125
2019-05-21 07:40:48.261000+00:00,126
2019-05-21 07:40:48.683500+00:00,127
2019-05-21 07:40:48.763500+00:00,128
2019-05-21 07:40:49.225500+00:00,129
2019-05-21 07:40:49.307500+00:00,130
2019-05-21 07:40:50.046500+00:00,131
2019-05-21 07:40:50.152500+00:00,132
2019-05-21 07:40:50.823000+00:00,133
2019-05-21 07:40:50.951500+00:00,134
2019-05-21 07:40:51.507000+00:00,135
2019-05-21 07:40:51.606000+00:00,136
2019-05-21 07:40:52.241500+00:00,137
2019-05-21 07:40:52.886000+00:00,138
2019-05-21 07:40:52.980000+00:00,139
2019-05-21 07:40:53.575500+00:00,140
2019-05-21 07:40:53.652500+00:00,141
2019-05-21 07:40:54.231500+00:00,142
2019-05-21 07:40:55.807000+00:00,143
2019-05-21 07:40:57.131000+00:00,144
2019-05-21 07:41:00.462000+00:00,145
2019-05-21 07:41:00.549000+00:00,146
2019-05-21 07:41:09.797500+00:00,147
2019-05-21 07:41:10.565500+00:00,148
2019-05-21 07:41:22.594000+00:00,149
2019-05-21 07:41:23.388000+00:00,150
2019-05-21 07:41:27.508000+00:00,151
2019-05-21 07:41:27.598500+00:00,152
2019-05-21 07:41:29.167000+00:00,153
2019-05-21 07:41:49.610500+00:00,154
2019-05-21 07:41:51.248000+00:00,155
2019-05-21 07:41:52.560000+00:00,156
2019-05-21 07:41:53.928000+00:00,157
2019-05-21 07:41:54.060500+00:00,158
2019-05-21 07:41:54.697000+00:00,159
2019-05-21 07:41:54.773000+00:00,160
2019-05-21 07:41:55.469000+00:00,161
2019-05-21 07:41:55.559500+00:00,162
2019-05-21 07:41:56.178000+00:00,163
2019-05-21 07:41:56.803000+00:00,164
2019-05-21 07:41:57.461000+00:00,165
2019-05-21 07:41:58.071000+00:00,166
2019-05-21 07:41:59.556500+00:00,167
2019-05-21 07:42:11.142500+00:00,168
2019-05-21 07:42:12.558500+00:00,169
2019-05-21 07:42:12.659500+00:00,170
2019-05-21 07:42:13.320000+00:00,171
2019-05-21 07:42:19.149500+00:00,172
2019-05-21 07:42:23.406500+00:00,173
2019-05-21 07:42:24.876000+00:00,174
2019-05-21 07:42:25.343000+00:00,175
2019-05-21 07:42:25.807000+00:00,176
2019-05-21 07:42:26.271000+00:00,177
2019-05-21 07:42:27.280000+00:00,178
2019-05-21 07:42:27.659000+00:00,179
2019-05-21 07:42:28.620000+00:00,180
2019-05-21 07:42:28.985000+00:00,181
2019-05-21 07:42:29.915000+00:00,182
2019-05-21 07:42:30.362500+00:00,183
2019-05-21 07:42:30.910000+00:00,184
2019-05-21 07:42:31.333000+00:00,185
2019-05-21 07:42:31.736000+00:00,186
2019-05-21 07:42:32.177000+00:00,187
2019-05-21 07:42:32.524000+00:00,188
2019-05-21 07:42:33.008000+00:00,189
2019-05-21 07:42:33.360000+00:00,190
2019-05-21 07:42:34.382000+00:00,191
2019-05-21 07:42:34.744000+00:00,192
2019-05-21 07:42:35.215000+00:00,193
2019-05-21 07:42:36.018000+00:00,194
2019-05-21 07:42:36.679500+00:00,195
2019-05-21 07:42:45.436500+00:00,196
2019-05-21 07:43:21.985000+00:00,197
2019-05-21 07:43:23.351000+00:00,198
2019-05-21 07:43:23.871000+00:00,199
2019-05-21 07:43:24.278500+00:00,200
2019-05-21 07:43:24.448500+00:00,201
2019-05-21 07:43:24.566500+00:00,202
2019-05-21 07:43:25.043000+00:00,203
2019-05-21 07:43:28.073000+00:00,204
2019-05-21 07:43:30.012000+00:00,205
2019-05-21 07:43:30.676000+00:00,206
2019-05-21 07:43:36.731500+00:00,207
2019-05-21 07:43:50.404500+00:00,208
2019-05-21 07:43:52.255000+00:00,209
2019-05-21 07:43:54.218000+00:00,210
2019-05-21 07:43:54.782500+00:00,211
2019-05-21 07:43:55.377000+00:00,212
2019-05-21 07:43:55.946000+00:00,213
2019-05-21 07:43:56.037000+00:00,214
2019-05-21 07:43:56.589500+00:00,215
2019-05-21 07:43:57.123500+00:00,216
2019-05-21 07:43:57.554000+00:00,217
2019-05-21 07:43:58.029500+00:00,218
2019-05-21 07:43:58.941000+00:00,219
2019-05-21 07:43:59.472000+00:00,220
2019-05-21 07:43:59.947000+00:00,221
2019-05-21 07:44:00.325000+00:00,222
2019-05-21 07:44:01.235500+00:00,223
2019-05-21 07:44:01.345500+00:00,224
2019-05-21 07:44:01.712000+00:00,225
2019-05-21 07:44:02.181000+00:00,226
2019-05-21 07:44:02.600000+00:00,227
2019-05-21 07:44:03.013000+00:00,228
2019-05-21 07:44:03.445500+00:00,229
2019-05-21 07:44:03.858000+00:00,230
2019-05-21 07:44:05.213500+00:00,231
2019-05-21 07:44:05.773000+00:00,232
2019-05-21 07:44:06.136500+00:00,233
2019-05-21 07:44:06.570000+00:00,234
2019-05-21 07:44:07.057500+00:00,235
2019-05-21 07:44:07.502500+00:00,236
2019-05-21 07:44:07.938500+00:00,237
2019-05-21 07:44:08.046000+00:00,238
2019-05-21 07:44:08.361500+00:00,239
2019-05-21 07:44:08.787500+00:00,240
2019-05-21 07:44:09.647000+00:00,241
2019-05-21 07:44:10.074500+00:00,242
2019-05-21 07:44:10.477500+00:00,243
2019-05-21 07:44:10.563500+00:00,244
2019-05-21 07:44:10.914500+00:00,245
2019-05-21 07:44:11.397000+00:00,246
2019-05-21 07:44:11.842500+00:00,247
2019-05-21 07:44:12.209500+00:00,248
2019-05-21 07:44:12.761500+00:00,249
2019-05-21 07:44:13.185500+00:00,250
2019-05-21 07:44:13.618500+00:00,251
2019-05-21 07:44:14.070000+00:00,252
2019-05-21 07:44:14.488500+00:00,253
2019-05-21 07:44:14.585500+00:00,254
2019-05-21 07:44:15.062500+00:00,255
2019-05-21 07:44:15.640500+00:00,256
2019-05-21 07:44:15.766500+00:00,257
2019-05-21 07:44:16.426000+00:00,258
2019-05-21 07:44:16.520000+00:00,259
2019-05-21 07:44:16.901500+00:00,260
2019-05-21 07:44:16.995500+00:00,261
2019-05-21 07:44:17.431500+00:00,262
2019-05-21 07:44:17.523500+00:00,263
2019-05-21 07:44:17.973000+00:00,264
2019-05-21 07:44:18.056000+00:00,265
2019-05-21 07:44:18.195000+00:00,266
2019-05-21 07:44:18.319500+00:00,267
2019-05-21 07:44:18.820000+00:00,268
2019-05-21 07:44:18.948000+00:00,269
2019-05-21 07:44:19.489000+00:00,270
2019-05-21 07:44:19.564000+00:00,271
2019-05-21 07:44:19.656000+00:00,272
2019-05-21 07:44:20.251000+00:00,273
2019-05-21 07:44:20.354000+00:00,274
2019-05-21 07:44:20.911000+00:00,275
2019-05-21 07:44:21.533000+00:00,276
2019-05-21 07:44:21.654000+00:00,277
2019-05-21 07:44:22.282500+00:00,278
2019-05-21 07:44:22.791500+00:00,279
2019-05-21 07:44:23.279500+00:00,280
2019-05-21 07:44:23.854000+00:00,281
2019-05-21 07:44:25.669500+00:00,282
2019-05-21 07:44:26.558500+00:00,283
2019-05-21 07:44:27.038000+00:00,284
2019-05-21 07:44:27.485000+00:00,285
2019-05-21 07:44:27.815000+00:00,286
2019-05-21 07:44:27.894000+00:00,287
2019-05-21 07:44:28.273500+00:00,288
2019-05-21 07:44:28.722000+00:00,289
2019-05-21 07:44:29.544500+00:00,290
2019-05-21 07:44:30.005000+00:00,291
2019-05-21 07:44:30.601000+00:00,292
2019-05-21 07:44:31.850000+00:00,293
2019-05-21 07:44:36.190500+00:00,294
2019-05-21 07:44:37.721500+00:00,295
2019-05-21 07:44:41.527500+00:00,296
2019-05-21 07:44:42.399500+00:00,297
2019-05-21 07:44:43.704500+00:00,298
2019-05-21 07:44:44.347500+00:00,299
2019-05-21 07:44:45.037500+00:00,300
2019-05-21 07:44:45.686500+00:00,301
2019-05-21 07:44:46.279500+00:00,302
2019-05-21 07:44:47.071500+00:00,303
2019-05-21 07:44:47.787500+00:00,304
2019-05-21 07:44:54.344000+00:00,305
2019-05-21 07:44:54.844000+00:00,306
2019-05-21 07:44:55.860000+00:00,307
2019-05-21 07:44:57.324000+00:00,308
2019-05-21 07:44:57.490500+00:00,309
2019-05-21 07:44:58.072000+00:00,310
2019-05-21 07:46:36.104000+00:00,311
2019-05-21 07:46:40.284500+00:00,312
2019-05-21 07:46:41.694500+00:00,313
2019-05-21 07:46:42.392500+00:00,314
2019-05-21 07:46:43.033500+00:00,315
2019-05-21 07:46:43.157500+00:00,316
2019-05-21 07:46:44.752000+00:00,317
2019-05-21 07:46:45.582500+00:00,318
2019-05-21 07:46:46.205500+00:00,319
2019-05-21 07:46:47.349500+00:00,320
2019-05-21 07:46:50.177500+00:00,321
2019-05-21 07:47:18.297000+00:00,322
2019-05-21 07:47:22.908000+00:00,323
2019-05-21 07:47:23.257000+00:00,324
2019-05-21 07:47:23.349000+00:00,325
2019-05-21 07:47:23.709000+00:00,326
2019-05-21 07:47:25.370500+00:00,327
2019-05-21 07:47:25.816000+00:00,328
2019-05-21 07:47:27.341000+00:00,329
2019-05-21 07:47:35.287500+00:00,330
2019-05-21 07:47:47.175500+00:00,331
2019-05-21 07:47:47.471500+00:00,332
2019-05-21 07:47:47.863500+00:00,333
2019-05-21 07:47:48.218500+00:00,334
2019-05-21 07:47:51.526500+00:00,335
2019-05-21 07:47:58.620000+00:00,336
2019-05-21 07:47:58.740000+00:00,337
2019-05-21 07:47:59.158000+00:00,338
2019-05-21 07:47:59.930000+00:00,339
2019-05-21 07:48:00.849500+00:00,340
2019-05-21 07:48:04.969000+00:00,341
2019-05-21 07:48:05.268000+00:00,342
2019-05-21 07:48:07.141500+00:00,343
2019-05-21 07:48:33.750000+00:00,344
2019-05-21 07:48:34.201000+00:00,345
2019-05-21 07:48:34.639500+00:00,346
2019-05-21 07:48:35.679500+00:00,347
2019-05-21 07:48:35.920000+00:00,348
2019-05-21 07:48:36.552500+00:00,349
2019-05-21 07:48:42.261500+00:00,350
2019-05-21 07:48:45.481000+00:00,351
2019-05-21 07:48:46.927000+00:00,352
2019-05-21 07:48:47.011000+00:00,353
2019-05-21 07:48:47.624500+00:00,354
2019-05-21 07:48:48.263500+00:00,355
2019-05-21 07:48:48.811000+00:00,356
2019-05-21 07:48:48.949000+00:00,357
2019-05-21 07:48:49.632000+00:00,358
2019-05-21 07:48:50.294500+00:00,359
2019-05-21 07:48:50.973500+00:00,360
2019-05-21 07:48:51.626000+00:00,361
2019-05-21 07:48:52.338500+00:00,362
2019-05-21 07:48:52.816000+00:00,363
2019-05-21 07:48:53.347000+00:00,364
2019-05-21 07:48:53.983000+00:00,365
2019-05-21 07:48:54.092000+00:00,366
2019-05-21 07:48:54.196000+00:00,367
2019-05-21 07:48:54.432000+00:00,368
2019-05-21 07:48:54.520000+00:00,369
2019-05-21 07:48:55.072000+00:00,370
2019-05-21 07:48:56.738000+00:00,371
2019-05-21 07:48:57.846000+00:00,372
2019-05-21 07:48:58.290000+00:00,373
2019-05-21 07:48:59.735000+00:00,374
2019-05-21 07:49:00.009000+00:00,375
2019-05-21 07:49:00.532500+00:00,376
2019-05-21 07:49:00.890000+00:00,377
2019-05-21 07:49:01.327000+00:00,378
2019-05-21 07:49:01.654000+00:00,379
2019-05-21 07:49:02.124500+00:00,380
2019-05-21 07:49:02.437000+00:00,381
2019-05-21 07:49:03.000500+00:00,382
2019-05-21 07:49:03.218500+00:00,383
2019-05-21 07:49:03.303500+00:00,384
2019-05-21 07:49:03.830500+00:00,385
2019-05-21 07:49:03.978500+00:00,386
2019-05-21 07:49:04.124500+00:00,387
2019-05-21 07:49:04.721500+00:00,388
2019-05-21 07:49:05.008000+00:00,389
2019-05-21 07:49:05.483000+00:00,390
2019-05-21 07:49:05.798500+00:00,391
2019-05-21 07:49:06.253500+00:00,392
2019-05-21 07:49:06.610500+00:00,393
2019-05-21 07:49:07.087500+00:00,394
2019-05-21 07:49:07.199500+00:00,395
2019-05-21 07:49:07.371500+00:00,396
2019-05-21 07:49:07.466500+00:00,397
2019-05-21 07:49:07.548500+00:00,398
2019-05-21 07:49:07.934500+00:00,399
2019-05-21 07:49:08.162000+00:00,400
2019-05-21 07:49:08.735500+00:00,401
2019-05-21 07:49:08.823500+00:00,402
2019-05-21 07:49:09.110000+00:00,403
2019-05-21 07:49:09.529500+00:00,404
2019-05-21 07:49:09.747500+00:00,405
2019-05-21 07:49:09.960000+00:00,406
2019-05-21 07:49:10.318500+00:00,407
2019-05-21 07:49:10.537000+00:00,408
2019-05-21 07:49:11.098500+00:00,409
2019-05-21 07:49:11.188500+00:00,410
2019-05-21 07:49:11.341500+00:00,411
2019-05-21 07:49:11.597500+00:00,412
2019-05-21 07:49:12.173000+00:00,413
2019-05-21 07:49:12.478500+00:00,414
2019-05-21 07:49:12.969500+00:00,415
2019-05-21 07:49:13.439500+00:00,416
2019-05-21 07:49:13.540500+00:00,417
2019-05-21 07:49:13.738500+00:00,418
2019-05-21 07:49:13.988000+00:00,419
2019-05-21 07:49:14.363000+00:00,420
2019-05-21 07:49:14.655000+00:00,421
2019-05-21 07:49:15.170000+00:00,422
2019-05-21 07:49:15.329000+00:00,423
2019-05-21 07:49:15.597000+00:00,424
2019-05-21 07:49:15.952500+00:00,425
2019-05-21 07:49:16.211500+00:00,426
2019-05-21 07:49:16.313500+00:00,427
2019-05-21 07:49:16.423500+00:00,428
2019-05-21 07:49:16.553500+00:00,429
2019-05-21 07:49:16.712000+00:00,430
2019-05-21 07:49:17.104000+00:00,431
2019-05-21 07:49:17.187000+00:00,432
2019-05-21 07:49:17.891000+00:00,433
2019-05-21 07:49:24.974000+00:00,434
2019-05-21 07:49:25.461500+00:00,435
2019-05-21 07:49:26.046500+00:00,436
2019-05-21 07:49:26.453000+00:00,437
2019-05-21 07:49:26.723000+00:00,438
2019-05-21 07:49:27.064000+00:00,439
2019-05-21 07:49:27.242000+00:00,440
2019-05-21 07:49:27.335500+00:00,441
2019-05-21 07:49:27.940500+00:00,442
2019-05-21 07:49:30.340000+00:00,443
2019-05-21 07:49:31.158000+00:00,444
2019-05-21 07:49:32.261000+00:00,445
2019-05-21 07:49:32.692000+00:00,446
2019-05-21 07:49:33.150500+00:00,447
2019-05-21 07:49:34.128500+00:00,448
2019-05-21 07:49:34.621500+00:00,449
2019-05-21 07:49:34.875500+00:00,450
2019-05-21 07:49:35.019500+00:00,451
2019-05-21 07:49:35.443500+00:00,452
2019-05-21 07:49:35.754500+00:00,453
2019-05-21 07:49:36.252500+00:00,454
2019-05-21 07:49:37.030500+00:00,455
2019-05-21 07:49:37.114500+00:00,456
2019-05-21 07:49:37.622000+00:00,457
2019-05-21 07:49:38.106500+00:00,458
2019-05-21 07:49:38.527500+00:00,459
2019-05-21 07:49:39.005500+00:00,460
2019-05-21 07:49:39.226500+00:00,461
2019-05-21 07:49:39.741500+00:00,462
2019-05-21 07:49:39.872000+00:00,463
2019-05-21 07:49:40.100500+00:00,464
2019-05-21 07:49:40.597500+00:00,465
2019-05-21 07:49:40.717000+00:00,466
2019-05-21 07:49:41.331500+00:00,467
2019-05-21 07:49:41.433500+00:00,468
2019-05-21 07:49:41.618500+00:00,469
2019-05-21 07:49:42.132500+00:00,470
2019-05-21 07:49:42.516000+00:00,471
2019-05-21 07:49:42.813500+00:00,472
2019-05-21 07:49:42.905500+00:00,473
2019-05-21 07:49:43.244000+00:00,474
2019-05-21 07:49:43.734500+00:00,475
2019-05-21 07:49:43.812500+00:00,476
2019-05-21 07:49:44.115500+00:00,477
2019-05-21 07:49:44.534500+00:00,478
2019-05-21 07:49:45.449500+00:00,479
2019-05-21 07:49:45.893000+00:00,480
2019-05-21 07:49:46.495500+00:00,481
2019-05-21 07:49:46.759000+00:00,482
2019-05-21 07:49:47.191500+00:00,483
2019-05-21 07:49:47.543000+00:00,484
2019-05-21 07:49:47.970500+00:00,485
2019-05-21 07:49:48.771500+00:00,486
2019-05-21 07:49:49.517000+00:00,487
2019-05-21 07:49:49.629000+00:00,488
2019-05-21 07:49:49.755000+00:00,489
2019-05-21 07:49:50.311000+00:00,490
2019-05-21 07:49:50.407500+00:00,491
2019-05-21 07:49:50.662000+00:00,492
2019-05-21 07:49:51.075000+00:00,493
2019-05-21 07:49:51.178000+00:00,494
2019-05-21 07:49:51.329000+00:00,495
2019-05-21 07:49:51.836000+00:00,496
2019-05-21 07:49:52.281000+00:00,497
2019-05-21 07:49:53.236500+00:00,498
2019-05-21 07:49:53.743000+00:00,499
2019-05-21 07:49:54.131000+00:00,500
2019-05-21 07:49:54.707000+00:00,501
2019-05-21 07:49:55.175000+00:00,502
2019-05-21 07:49:55.520000+00:00,503
2019-05-21 07:49:55.922000+00:00,504
2019-05-21 07:49:56.296500+00:00,505
2019-05-21 07:49:56.392500+00:00,506
2019-05-21 07:49:56.786000+00:00,507
2019-05-21 07:49:56.865000+00:00,508
2019-05-21 07:49:57.253000+00:00,509
2019-05-21 07:49:57.855500+00:00,510
2019-05-21 07:49:58.113000+00:00,511
2019-05-21 07:49:58.671000+00:00,512
2019-05-21 07:49:58.774000+00:00,513
2019-05-21 07:49:59.772500+00:00,514
2019-05-21 07:50:00.356500+00:00,515
2019-05-21 07:50:00.627500+00:00,516
2019-05-21 07:50:01.141500+00:00,517
2019-05-21 07:50:01.643000+00:00,518
2019-05-21 07:50:01.744500+00:00,519
2019-05-21 07:50:02.623500+00:00,520
2019-05-21 07:50:03.046500+00:00,521
2019-05-21 07:50:03.486500+00:00,522
2019-05-21 07:50:03.971500+00:00,523
2019-05-21 07:50:04.321500+00:00,524
2019-05-21 07:50:04.451500+00:00,525
2019-05-21 07:50:04.890500+00:00,526
2019-05-21 07:50:05.291500+00:00,527
2019-05-21 07:50:05.750500+00:00,528
2019-05-21 07:50:06.173500+00:00,529
2019-05-21 07:50:07.087000+00:00,530
2019-05-21 07:50:07.627500+00:00,531
2019-05-21 07:50:07.999500+00:00,532
2019-05-21 07:50:08.428500+00:00,533
2019-05-21 07:50:08.895500+00:00,534
2019-05-21 07:50:09.347500+00:00,535
2019-05-21 07:50:09.760500+00:00,536
2019-05-21 07:50:10.099000+00:00,537
2019-05-21 07:50:10.560500+00:00,538
2019-05-21 07:50:10.700000+00:00,539
2019-05-21 07:50:11.382000+00:00,540
2019-05-21 07:50:11.746000+00:00,541
2019-05-21 07:50:12.209500+00:00,542
2019-05-21 07:50:12.285500+00:00,543
2019-05-21 07:50:12.487000+00:00,544
2019-05-21 07:50:13.030000+00:00,545
2019-05-21 07:50:13.107000+00:00,546
2019-05-21 07:50:13.339500+00:00,547
2019-05-21 07:50:13.428500+00:00,548
2019-05-21 07:50:13.865000+00:00,549
2019-05-21 07:50:13.945000+00:00,550
2019-05-21 07:50:14.040500+00:00,551
2019-05-21 07:50:14.785500+00:00,552
2019-05-21 07:50:14.893000+00:00,553
2019-05-21 07:50:15.131500+00:00,554
2019-05-21 07:50:15.582000+00:00,555
2019-05-21 07:50:16.010000+00:00,556
2019-05-21 07:50:16.092000+00:00,557
2019-05-21 07:50:16.416000+00:00,558
2019-05-21 07:50:17.044500+00:00,559
2019-05-21 07:50:17.336000+00:00,560
2019-05-21 07:50:17.740000+00:00,561
2019-05-21 07:50:17.850000+00:00,562
2019-05-21 07:50:18.157000+00:00,563
2019-05-21 07:50:18.605000+00:00,564
2019-05-21 07:50:18.977000+00:00,565
2019-05-21 07:50:19.535000+00:00,566
2019-05-21 07:50:20.242000+00:00,567
2019-05-21 07:50:20.775000+00:00,568
2019-05-21 07:50:21.249500+00:00,569
2019-05-21 07:50:21.623000+00:00,570
2019-05-21 07:50:21.740000+00:00,571
2019-05-21 07:50:22.167000+00:00,572
2019-05-21 07:50:22.258500+00:00,573
2019-05-21 07:50:22.720500+00:00,574
2019-05-21 07:50:23.175000+00:00,575
2019-05-21 07:50:23.583000+00:00,576
2019-05-21 07:50:23.988000+00:00,577
2019-05-21 07:50:24.295500+00:00,578
2019-05-21 07:50:24.752500+00:00,579
2019-05-21 07:50:25.059500+00:00,580
2019-05-21 07:50:25.451500+00:00,581
2019-05-21 07:50:26.049500+00:00,582
2019-05-21 07:50:26.766000+00:00,583
2019-05-21 07:50:26.854000+00:00,584
2019-05-21 07:50:54.778500+00:00,585
2019-05-21 07:50:55.433000+00:00,586
2019-05-21 07:50:57.432500+00:00,587
2019-05-21 07:50:57.559500+00:00,588
2019-05-21 07:50:57.899500+00:00,589
2019-05-21 07:50:59.567500+00:00,590
2019-05-21 07:50:59.647500+00:00,591
2019-05-21 07:51:00.365500+00:00,592
2019-05-21 07:51:01.733500+00:00,593
2019-05-21 07:51:03.263500+00:00,594
2019-05-21 07:51:03.343500+00:00,595
2019-05-21 07:51:10.723000+00:00,596
2019-05-21 07:51:12.404000+00:00,597
2019-05-21 07:51:12.612500+00:00,598
2019-05-21 07:51:13.218000+00:00,599
2019-05-21 07:51:13.323000+00:00,600
2019-05-21 07:51:13.833000+00:00,601
2019-05-21 07:51:14.649500+00:00,602
2019-05-21 07:51:14.760500+00:00,603
2019-05-21 07:51:15.435000+00:00,604
2019-05-21 07:51:15.537000+00:00,605
2019-05-21 07:51:16.105000+00:00,606
2019-05-21 07:51:16.927500+00:00,607
2019-05-21 07:51:17.619000+00:00,608
2019-05-21 07:51:18.289500+00:00,609
2019-05-21 07:51:18.380500+00:00,610
2019-05-21 07:51:18.932000+00:00,611
2019-05-21 07:51:19.027500+00:00,612
2019-05-21 07:51:19.647000+00:00,613
2019-05-21 07:51:20.136000+00:00,614
2019-05-21 07:51:20.221000+00:00,615
2019-05-21 07:51:20.714000+00:00,616
2019-05-21 07:51:21.241000+00:00,617
2019-05-21 07:51:21.400000+00:00,618
2019-05-21 07:51:21.670000+00:00,619
2019-05-21 07:51:21.753000+00:00,620
2019-05-21 07:51:22.105000+00:00,621
2019-05-21 07:51:22.214000+00:00,622
2019-05-21 07:51:23.478000+00:00,623
2019-05-21 07:51:24.061000+00:00,624
2019-05-21 07:51:24.465000+00:00,625
2019-05-21 07:51:24.872000+00:00,626
2019-05-21 07:51:25.214000+00:00,627
2019-05-21 07:51:25.684000+00:00,628
2019-05-21 07:51:25.770000+00:00,629
2019-05-21 07:51:26.574500+00:00,630
2019-05-21 07:51:27.037500+00:00,631
2019-05-21 07:51:27.314000+00:00,632
2019-05-21 07:51:27.779000+00:00,633
2019-05-21 07:51:28.060500+00:00,634
2019-05-21 07:51:28.552500+00:00,635
2019-05-21 07:51:29.334500+00:00,636
2019-05-21 07:51:29.879500+00:00,637
2019-05-21 07:51:30.456000+00:00,638
2019-05-21 07:51:30.816500+00:00,639
2019-05-21 07:51:31.223500+00:00,640
2019-05-21 07:51:31.626500+00:00,641
2019-05-21 07:51:32.048500+00:00,642
2019-05-21 07:51:32.517500+00:00,643
2019-05-21 07:51:32.615500+00:00,644
2019-05-21 07:51:33.019500+00:00,645
2019-05-21 07:51:33.630500+00:00,646
2019-05-21 07:51:33.938500+00:00,647
2019-05-21 07:51:34.470500+00:00,648
2019-05-21 07:51:34.799000+00:00,649
2019-05-21 07:51:34.895000+00:00,650
2019-05-21 07:51:35.157500+00:00,651
2019-05-21 07:51:35.246500+00:00,652
2019-05-21 07:51:35.606000+00:00,653
2019-05-21 07:51:35.707000+00:00,654
2019-05-21 07:51:36.015500+00:00,655
2019-05-21 07:51:36.365500+00:00,656
2019-05-21 07:51:36.896000+00:00,657
2019-05-21 07:51:37.019000+00:00,658
2019-05-21 07:51:37.561500+00:00,659
2019-05-21 07:51:37.661000+00:00,660
2019-05-21 07:51:37.746000+00:00,661
2019-05-21 07:51:38.330000+00:00,662
2019-05-21 07:51:38.454000+00:00,663
2019-05-21 07:51:38.877500+00:00,664
2019-05-21 07:51:39.282000+00:00,665
2019-05-21 07:51:39.728000+00:00,666
2019-05-21 07:51:41.591000+00:00,667
2019-05-21 07:51:42.139500+00:00,668
2019-05-21 07:51:44.011000+00:00,669
2019-05-21 07:51:44.494500+00:00,670
2019-05-21 07:51:44.625000+00:00,671
2019-05-21 07:51:45.022000+00:00,672
2019-05-21 07:51:45.106000+00:00,673
2019-05-21 07:51:45.325000+00:00,674
2019-05-21 07:51:45.647000+00:00,675
2019-05-21 07:51:45.750000+00:00,676
2019-05-21 07:51:45.972000+00:00,677
2019-05-21 07:51:46.312000+00:00,678
2019-05-21 07:51:46.445000+00:00,679
2019-05-21 07:51:46.765000+00:00,680
2019-05-21 07:51:46.885000+00:00,681
2019-05-21 07:51:47.644500+00:00,682
2019-05-21 07:51:47.741500+00:00,683
2019-05-21 07:51:48.284500+00:00,684
2019-05-21 07:51:48.389500+00:00,685
2019-05-21 07:51:48.954500+00:00,686
2019-05-21 07:51:49.050500+00:00,687
2019-05-21 07:51:49.407000+00:00,688
2019-05-21 07:51:49.923000+00:00,689
2019-05-21 07:51:50.379000+00:00,690
2019-05-21 07:51:50.466000+00:00,691
2019-05-21 07:51:50.869500+00:00,692
2019-05-21 07:51:51.324000+00:00,693
2019-05-21 07:51:51.776500+00:00,694
2019-05-21 07:51:51.887500+00:00,695
2019-05-21 07:51:52.440000+00:00,696
2019-05-21 07:51:52.533000+00:00,697
2019-05-21 07:51:53.213500+00:00,698
2019-05-21 07:51:53.302500+00:00,699
2019-05-21 07:51:53.821500+00:00,700
2019-05-21 07:51:53.951500+00:00,701
2019-05-21 07:51:54.030500+00:00,702
2019-05-21 07:51:54.500500+00:00,703
2019-05-21 07:51:55.288500+00:00,704
2019-05-21 07:51:55.375500+00:00,705
2019-05-21 07:51:55.453500+00:00,706
2019-05-21 07:51:55.940500+00:00,707
2019-05-21 07:51:56.043500+00:00,708
2019-05-21 07:51:56.183000+00:00,709
2019-05-21 07:51:56.277500+00:00,710
2019-05-21 07:51:56.610000+00:00,711
2019-05-21 07:51:57.001500+00:00,712
2019-05-21 07:51:57.103500+00:00,713
2019-05-21 07:51:57.522500+00:00,714
2019-05-21 07:51:57.657500+00:00,715
2019-05-21 07:51:58.167500+00:00,716
2019-05-21 07:51:58.344500+00:00,717
2019-05-21 07:51:58.460500+00:00,718
2019-05-21 07:51:58.982500+00:00,719
2019-05-21 07:51:59.096500+00:00,720
2019-05-21 07:51:59.198000+00:00,721
2019-05-21 07:51:59.730500+00:00,722
2019-05-21 07:51:59.856500+00:00,723
2019-05-21 07:52:00.395500+00:00,724
2019-05-21 07:52:00.471000+00:00,725
2019-05-21 07:52:01.128500+00:00,726
2019-05-21 07:52:01.376500+00:00,727
2019-05-21 07:52:01.637500+00:00,728
2019-05-21 07:52:01.748500+00:00,729
2019-05-21 07:52:01.853500+00:00,730
2019-05-21 07:52:02.070000+00:00,731
2019-05-21 07:52:04.094500+00:00,732
2019-05-21 07:52:04.752000+00:00,733
2019-05-21 07:52:05.506500+00:00,734
2019-05-21 07:52:06.353000+00:00,735
2019-05-21 07:52:07.085000+00:00,736
2019-05-21 07:52:09.643000+00:00,737
2019-05-21 07:52:12.246000+00:00,738
2019-05-21 07:52:13.422000+00:00,739
2019-05-21 07:52:15.980000+00:00,740
2019-05-21 07:52:16.078000+00:00,741
2019-05-21 07:52:16.716500+00:00,742
2019-05-21 07:52:17.293500+00:00,743
2019-05-21 07:52:17.906000+00:00,744
2019-05-21 07:52:18.503500+00:00,745
2019-05-21 07:52:40.122500+00:00,746
2019-05-21 07:52:41.880500+00:00,747
2019-05-21 07:52:43.036000+00:00,748
2019-05-21 07:52:44.316000+00:00,749
2019-05-21 07:52:48.552500+00:00,750
2019-05-21 07:52:51.233500+00:00,751
2019-05-21 07:52:52.518000+00:00,752
2019-05-21 07:52:53.335000+00:00,753
2019-05-21 07:52:53.951000+00:00,754
2019-05-21 07:52:55.821500+00:00,755
2019-05-21 07:52:56.441000+00:00,756
2019-05-21 07:52:56.531000+00:00,757
2019-05-21 07:52:58.489000+00:00,758
2019-05-21 07:53:01.559000+00:00,759
2019-05-21 07:53:10.550500+00:00,760
2019-05-21 07:53:11.163000+00:00,761
2019-05-21 07:53:11.882000+00:00,762
2019-05-21 07:53:11.958000+00:00,763
2019-05-21 07:53:12.619000+00:00,764
2019-05-21 07:53:13.308500+00:00,765
2019-05-21 07:53:14.038500+00:00,766
2019-05-21 07:53:14.794000+00:00,767
2019-05-21 07:53:15.412000+00:00,768
2019-05-21 07:53:15.859500+00:00,769
2019-05-21 07:53:16.456000+00:00,770
2019-05-21 07:53:17.184000+00:00,771
2019-05-21 07:53:18.172000+00:00,772
2019-05-21 07:53:18.262000+00:00,773
2019-05-21 07:53:18.984000+00:00,774
2019-05-21 07:53:19.096000+00:00,775
2019-05-21 07:53:19.719500+00:00,776
2019-05-21 07:53:20.002000+00:00,777
2019-05-21 07:53:20.084000+00:00,778
2019-05-21 07:53:20.752000+00:00,779
2019-05-21 07:53:21.136500+00:00,780
2019-05-21 07:53:21.481500+00:00,781
2019-05-21 07:53:21.924500+00:00,782
2019-05-21 07:53:22.320500+00:00,783
2019-05-21 07:53:23.216000+00:00,784
2019-05-21 07:53:23.672500+00:00,785
2019-05-21 07:53:24.131500+00:00,786
2019-05-21 07:53:24.562500+00:00,787
2019-05-21 07:53:25.072500+00:00,788
2019-05-21 07:53:25.507500+00:00,789
2019-05-21 07:53:25.954500+00:00,790
2019-05-21 07:53:26.824500+00:00,791
2019-05-21 07:53:27.689500+00:00,792
2019-05-21 07:53:28.221500+00:00,793
2019-05-21 07:53:28.732500+00:00,794
2019-05-21 07:53:29.138500+00:00,795
2019-05-21 07:53:29.566000+00:00,796
2019-05-21 07:53:30.042500+00:00,797
2019-05-21 07:53:30.424500+00:00,798
2019-05-21 07:53:30.832500+00:00,799
2019-05-21 07:53:31.158500+00:00,800
2019-05-21 07:53:31.682500+00:00,801
2019-05-21 07:53:32.022500+00:00,802
2019-05-21 07:53:32.112500+00:00,803
2019-05-21 07:53:32.543500+00:00,804
2019-05-21 07:53:32.631000+00:00,805
2019-05-21 07:53:33.347000+00:00,806
2019-05-21 07:53:33.738000+00:00,807
2019-05-21 07:53:34.149000+00:00,808
2019-05-21 07:53:34.636000+00:00,809
2019-05-21 07:53:34.991000+00:00,810
2019-05-21 07:53:35.404000+00:00,811
2019-05-21 07:53:35.536000+00:00,812
2019-05-21 07:53:35.873000+00:00,813
2019-05-21 07:53:36.264000+00:00,814
2019-05-21 07:53:36.935500+00:00,815
2019-05-21 07:53:37.025000+00:00,816
2019-05-21 07:53:38.397000+00:00,817
2019-05-21 07:53:38.692000+00:00,818
2019-05-21 07:53:39.177000+00:00,819
2019-05-21 07:53:39.262500+00:00,820
2019-05-21 07:53:39.861000+00:00,821
2019-05-21 07:53:40.445000+00:00,822
2019-05-21 07:53:40.541000+00:00,823
2019-05-21 07:53:41.048500+00:00,824
2019-05-21 07:53:41.552500+00:00,825
2019-05-21 07:53:42.061500+00:00,826
2019-05-21 07:53:42.797500+00:00,827
2019-05-21 07:53:42.917500+00:00,828
2019-05-21 07:53:43.416000+00:00,829
2019-05-21 07:53:44.192000+00:00,830
2019-05-21 07:53:44.884000+00:00,831
2019-05-21 07:53:44.968500+00:00,832
2019-05-21 07:53:45.537000+00:00,833
2019-05-21 07:53:46.191000+00:00,834
2019-05-21 07:53:58.148500+00:00,835
2019-05-21 07:53:59.583000+00:00,836
2019-05-21 07:53:59.670000+00:00,837
2019-05-21 07:54:00.290500+00:00,838
2019-05-21 07:54:00.805500+00:00,839
2019-05-21 07:54:01.415500+00:00,840
2019-05-21 07:54:11.207500+00:00,841
2019-05-21 07:54:11.677500+00:00,842
2019-05-21 07:54:12.522000+00:00,843
2019-05-21 07:54:13.044000+00:00,844
2019-05-21 07:54:13.506000+00:00,845
2019-05-21 07:54:13.925000+00:00,846
2019-05-21 07:54:15.216500+00:00,847
2019-05-21 07:54:15.683000+00:00,848
2019-05-21 07:54:16.579000+00:00,849
2019-05-21 07:54:17.530500+00:00,850
2019-05-21 07:54:18.009000+00:00,851
2019-05-21 07:54:18.970500+00:00,852
2019-05-21 07:54:20.319500+00:00,853
2019-05-21 07:54:20.516500+00:00,854
2019-05-21 07:54:20.723000+00:00,855
2019-05-21 07:54:21.673500+00:00,856
2019-05-21 07:54:22.144500+00:00,857
2019-05-21 07:54:22.624500+00:00,858
2019-05-21 07:54:23.064500+00:00,859
2019-05-21 07:54:23.517500+00:00,860
2019-05-21 07:54:24.432000+00:00,861
2019-05-21 07:54:25.139500+00:00,862
2019-05-21 07:54:25.763000+00:00,863
2019-05-21 07:54:25.927000+00:00,864
2019-05-21 07:56:51.994500+00:00,865
2019-05-21 07:57:31.608500+00:00,866
2019-05-21 07:57:32.328000+00:00,867
2019-05-21 07:57:40.763000+00:00,868
2019-05-21 07:57:41.527500+00:00,869
2019-05-21 07:58:04.119000+00:00,870
2019-05-21 07:58:42.879000+00:00,871
2019-05-21 07:58:42.968000+00:00,872
2019-05-21 08:01:10.303000+00:00,873
2019-05-21 08:01:18.865000+00:00,874
2019-05-21 08:01:22.171000+00:00,875
2019-05-21 08:01:22.690500+00:00,876
2019-05-21 08:01:23.146000+00:00,877
2019-05-21 08:01:23.259000+00:00,878
2019-05-21 08:01:27.777000+00:00,879
2019-05-21 08:01:27.888000+00:00,880
2019-05-21 08:01:28.334000+00:00,881
2019-05-21 08:01:28.932000+00:00,882
2019-05-21 08:01:29.078500+00:00,883
2019-05-21 08:01:29.309000+00:00,884
2019-05-21 08:01:29.369500+00:00,885
2019-05-21 08:01:29.477000+00:00,886
2019-05-21 08:01:29.593000+00:00,887
2019-05-21 08:01:29.710000+00:00,888
2019-05-21 08:01:29.817000+00:00,889
2019-05-21 08:01:29.915500+00:00,890
2019-05-21 08:01:30.118500+00:00,891
2019-05-21 08:02:17.822500+00:00,892
2019-05-21 08:02:18.558000+00:00,893
2019-05-21 08:02:19.321000+00:00,894
2019-05-21 08:02:20.503000+00:00,895
2019-05-21 08:02:21.175000+00:00,896
2019-05-21 08:02:21.729000+00:00,897
2019-05-21 08:02:21.812000+00:00,898
2019-05-21 08:02:22.536000+00:00,899
2019-05-21 08:02:23.233000+00:00,900
2019-05-21 08:02:23.324000+00:00,901
2019-05-21 08:02:23.854500+00:00,902
2019-05-21 08:02:24.286000+00:00,903
2019-05-21 08:02:24.387000+00:00,904
2019-05-21 08:02:24.680000+00:00,905
2019-05-21 08:02:24.756000+00:00,906
2019-05-21 08:02:25.098000+00:00,907
2019-05-21 08:02:25.570000+00:00,908
2019-05-21 08:02:26.569000+00:00,909
2019-05-21 08:02:26.972000+00:00,910
2019-05-21 08:02:27.430500+00:00,911
2019-05-21 08:02:28.204000+00:00,912
2019-05-21 08:02:29.572500+00:00,913
2019-05-21 08:02:29.656500+00:00,914
2019-05-21 08:02:30.296500+00:00,915
2019-05-21 08:02:31.354000+00:00,916
2019-05-21 08:02:32.126500+00:00,917
2019-05-21 08:02:34.385500+00:00,918
2019-05-21 08:02:34.462500+00:00,919
2019-05-21 08:02:34.550500+00:00,920
2019-05-21 08:02:49.606000+00:00,921
2019-05-21 08:02:50.792500+00:00,922
2019-05-21 08:02:52.063000+00:00,923
2019-05-21 08:02:52.144000+00:00,924
2019-05-21 08:02:52.711000+00:00,925
2019-05-21 08:02:53.507000+00:00,926
2019-05-21 08:02:53.939000+00:00,927
2019-05-21 08:02:54.023000+00:00,928
2019-05-21 08:02:54.519000+00:00,929
2019-05-21 08:02:54.991000+00:00,930
2019-05-21 08:02:55.793000+00:00,931
2019-05-21 08:02:56.137000+00:00,932
2019-05-21 08:02:56.229000+00:00,933
2019-05-21 08:02:56.672000+00:00,934
2019-05-21 08:02:57.545500+00:00,935
2019-05-21 08:02:59.120000+00:00,936
2019-05-21 08:03:05.196500+00:00,937
2019-05-21 08:03:06.418000+00:00,938
2019-05-21 08:03:06.502000+00:00,939
2019-05-21 08:03:06.608500+00:00,940
2019-05-21 08:03:06.907000+00:00,941
2019-05-21 08:03:07.458000+00:00,942
2019-05-21 08:03:08.983000+00:00,943
2019-05-21 08:03:09.435500+00:00,944
2019-05-21 08:03:10.119500+00:00,945
2019-05-21 08:03:11.054500+00:00,946
2019-05-21 08:03:42.946500+00:00,947
2019-05-21 08:03:43.050500+00:00,948
2019-05-21 08:03:43.603500+00:00,949
2019-05-21 08:03:43.726000+00:00,950
2019-05-21 08:03:44.341500+00:00,951
2019-05-21 08:04:11.757000+00:00,952
2019-05-21 08:04:12.469500+00:00,953
2019-05-21 08:04:13.228500+00:00,954
2019-05-21 08:04:15.086500+00:00,955
2019-05-21 08:04:15.188000+00:00,956
2019-05-21 08:04:15.759500+00:00,957
2019-05-21 08:04:16.643000+00:00,958
2019-05-21 08:04:16.763500+00:00,959
2019-05-21 08:04:18.171500+00:00,960
2019-05-21 08:04:20.777000+00:00,961
2019-05-21 08:04:21.387000+00:00,962
2019-05-21 08:04:23.734500+00:00,963
2019-05-21 08:04:24.592000+00:00,964
2019-05-21 08:04:24.677000+00:00,965
2019-05-21 08:04:26.897000+00:00,966
2019-05-21 08:04:27.503000+00:00,967
2019-05-21 08:04:28.003000+00:00,968
2019-05-21 08:04:28.470000+00:00,969
2019-05-21 08:04:28.558000+00:00,970
2019-05-21 08:04:29.143000+00:00,971
2019-05-21 08:04:29.241000+00:00,972
2019-05-21 08:04:30.589000+00:00,973
2019-05-21 08:04:30.692000+00:00,974
2019-05-21 08:04:31.237000+00:00,975
2019-05-21 08:04:32.288000+00:00,976
2019-05-21 08:04:41.729500+00:00,977
2019-05-21 08:04:41.835500+00:00,978
2019-05-21 08:04:42.952500+00:00,979
2019-05-21 08:04:48.472000+00:00,980
2019-05-21 08:04:49.117000+00:00,981
2019-05-21 08:04:49.738000+00:00,982
2019-05-21 08:04:49.814000+00:00,983
2019-05-21 08:04:52.775500+00:00,984
2019-05-21 08:04:52.852500+00:00,985
2019-05-21 08:04:53.457000+00:00,986
2019-05-21 08:04:54.110500+00:00,987
2019-05-21 08:04:56.710000+00:00,988
2019-05-21 08:05:07.846500+00:00,989
2019-05-21 08:05:09.077000+00:00,990
2019-05-21 08:05:10.265500+00:00,991
2019-05-21 08:05:10.837500+00:00,992
2019-05-21 08:05:12.179500+00:00,993
2019-05-21 08:05:13.611500+00:00,994
2019-05-21 08:05:14.593500+00:00,995
2019-05-21 08:05:15.031000+00:00,996
2019-05-21 08:05:15.709500+00:00,997
2019-05-21 08:05:16.309000+00:00,998
2019-05-21 08:05:16.394500+00:00,999
2019-05-21 08:05:16.914500+00:00,1000
2019-05-21 08:05:18.020000+00:00,1001
2019-05-21 08:05:18.831000+00:00,1002
2019-05-21 08:05:19.551000+00:00,1003
2019-05-21 08:05:19.655000+00:00,1004
2019-05-21 08:05:20.198000+00:00,1005
2019-05-21 08:05:20.786500+00:00,1006
2019-05-21 08:05:21.393500+00:00,1007
2019-05-21 08:05:21.541500+00:00,1008
2019-05-21 08:05:22.111000+00:00,1009
2019-05-21 08:05:22.194000+00:00,1010
2019-05-21 08:05:22.694500+00:00,1011
2019-05-21 08:05:23.168500+00:00,1012
2019-05-21 08:05:23.638000+00:00,1013
2019-05-21 08:05:24.141000+00:00,1014
2019-05-21 08:05:24.784500+00:00,1015
2019-05-21 08:05:26.062000+00:00,1016
2019-05-21 08:05:31.085000+00:00,1017
2019-05-21 08:05:31.165000+00:00,1018
2019-05-21 08:05:38.856500+00:00,1019
2019-05-21 08:05:39.648500+00:00,1020
2019-05-21 08:05:40.860500+00:00,1021
2019-05-21 08:05:41.728500+00:00,1022
2019-05-21 08:05:42.929500+00:00,1023
2019-05-21 08:05:43.007500+00:00,1024
2019-05-21 08:05:43.577500+00:00,1025
2019-05-21 08:05:43.654500+00:00,1026
2019-05-21 08:05:44.260000+00:00,1027
2019-05-21 08:05:46.233500+00:00,1028
2019-05-21 08:05:47.592500+00:00,1029
2019-05-21 08:05:48.202000+00:00,1030
2019-05-21 08:05:48.766000+00:00,1031
2019-05-21 08:05:48.841000+00:00,1032
2019-05-21 08:05:49.931500+00:00,1033
2019-05-21 08:05:50.589000+00:00,1034
2019-05-21 08:05:53.201000+00:00,1035
2019-05-21 08:05:53.304000+00:00,1036
2019-05-21 08:05:53.967000+00:00,1037
2019-05-21 08:05:54.537000+00:00,1038
2019-05-21 08:05:55.941500+00:00,1039
2019-05-21 08:05:56.969000+00:00,1040
2019-05-21 08:05:57.684000+00:00,1041
2019-05-21 08:05:58.375500+00:00,1042
2019-05-21 08:05:58.994000+00:00,1043
2019-05-21 08:05:59.650000+00:00,1044
2019-05-21 08:06:00.371500+00:00,1045
2019-05-21 08:06:00.928500+00:00,1046
2019-05-21 08:06:01.592000+00:00,1047
2019-05-21 08:06:02.171500+00:00,1048
2019-05-21 08:06:02.627000+00:00,1049
2019-05-21 08:06:03.121500+00:00,1050
2019-05-21 08:06:03.521000+00:00,1051
2019-05-21 08:06:03.928000+00:00,1052
2019-05-21 08:06:04.319500+00:00,1053
2019-05-21 08:06:04.744500+00:00,1054
2019-05-21 08:06:04.836500+00:00,1055
2019-05-21 08:06:05.036000+00:00,1056
2019-05-21 08:06:06.702000+00:00,1057
2019-05-21 08:06:07.294000+00:00,1058
2019-05-21 08:06:07.397000+00:00,1059
2019-05-21 08:06:08.000500+00:00,1060
2019-05-21 08:06:08.498500+00:00,1061
2019-05-21 08:06:08.579500+00:00,1062
2019-05-21 08:06:09.027500+00:00,1063
2019-05-21 08:06:09.106500+00:00,1064
2019-05-21 08:06:09.853500+00:00,1065
2019-05-21 08:06:10.413500+00:00,1066
2019-05-21 08:06:10.954500+00:00,1067
2019-05-21 08:06:11.282500+00:00,1068
2019-05-21 08:06:12.041500+00:00,1069
2019-05-21 08:06:12.345000+00:00,1070
2019-05-21 08:06:12.755500+00:00,1071
2019-05-21 08:06:12.860500+00:00,1072
2019-05-21 08:06:13.134500+00:00,1073
2019-05-21 08:06:13.637500+00:00,1074
2019-05-21 08:06:13.759500+00:00,1075
2019-05-21 08:06:13.939000+00:00,1076
2019-05-21 08:06:14.449500+00:00,1077
2019-05-21 08:06:14.702500+00:00,1078
2019-05-21 08:06:15.219000+00:00,1079
2019-05-21 08:06:15.319000+00:00,1080
2019-05-21 08:06:15.496000+00:00,1081
2019-05-21 08:06:16.064500+00:00,1082
2019-05-21 08:06:16.160500+00:00,1083
2019-05-21 08:06:24.739000+00:00,1084
2019-05-21 08:06:25.393000+00:00,1085
2019-05-21 08:06:26.052000+00:00,1086
2019-05-21 08:06:26.723000+00:00,1087
2019-05-21 08:06:27.291000+00:00,1088
2019-05-21 08:06:28.150000+00:00,1089
2019-05-21 08:06:28.553500+00:00,1090
2019-05-21 08:06:28.938000+00:00,1091
2019-05-21 08:06:29.783500+00:00,1092
2019-05-21 08:06:30.416000+00:00,1093
2019-05-21 08:06:30.889500+00:00,1094
2019-05-21 08:06:31.211000+00:00,1095
2019-05-21 08:06:31.661500+00:00,1096
2019-05-21 08:06:31.833500+00:00,1097
2019-05-21 08:06:32.551000+00:00,1098
2019-05-21 08:06:32.729000+00:00,1099
2019-05-21 08:06:33.249500+00:00,1100
2019-05-21 08:06:33.501000+00:00,1101
2019-05-21 08:06:33.980500+00:00,1102
2019-05-21 08:06:34.074500+00:00,1103
2019-05-21 08:06:34.177500+00:00,1104
2019-05-21 08:06:34.260000+00:00,1105
2019-05-21 08:06:34.363000+00:00,1106
2019-05-21 08:06:34.425000+00:00,1107
2019-05-21 08:06:34.903000+00:00,1108
2019-05-21 08:06:35.124000+00:00,1109
2019-05-21 08:06:35.619500+00:00,1110
2019-05-21 08:06:36.144500+00:00,1111
2019-05-21 08:06:36.251000+00:00,1112
2019-05-21 08:06:36.753500+00:00,1113
2019-05-21 08:06:37.072000+00:00,1114
2019-05-21 08:06:37.211500+00:00,1115
2019-05-21 08:06:37.503000+00:00,1116
2019-05-21 08:06:37.964500+00:00,1117
2019-05-21 08:06:38.383500+00:00,1118
2019-05-21 08:06:38.782500+00:00,1119
2019-05-21 08:06:39.150000+00:00,1120
2019-05-21 08:06:39.586500+00:00,1121
2019-05-21 08:06:40.155500+00:00,1122
2019-05-21 08:06:40.379500+00:00,1123
2019-05-21 08:06:40.847500+00:00,1124
2019-05-21 08:06:41.157500+00:00,1125
2019-05-21 08:06:41.583500+00:00,1126
2019-05-21 08:06:42.003500+00:00,1127
2019-05-21 08:06:42.411000+00:00,1128
2019-05-21 08:06:42.891500+00:00,1129
2019-05-21 08:06:52.994000+00:00,1130
2019-05-21 08:06:53.224000+00:00,1131
2019-05-21 08:06:54.748000+00:00,1132
2019-05-21 08:06:57.384500+00:00,1133
2019-05-21 08:06:58.276000+00:00,1134
2019-05-21 08:06:58.957000+00:00,1135
2019-05-21 08:07:00.042000+00:00,1136
2019-05-21 08:07:00.639000+00:00,1137
2019-05-21 08:07:01.213500+00:00,1138
2019-05-21 08:07:01.563000+00:00,1139
2019-05-21 08:07:02.464000+00:00,1140
2019-05-21 08:07:04.035500+00:00,1141
2019-05-21 08:07:04.430500+00:00,1142
2019-05-21 08:07:05.475000+00:00,1143
2019-05-21 08:07:05.910500+00:00,1144
2019-05-21 08:07:06.699000+00:00,1145
2019-05-21 08:07:07.183500+00:00,1146
2019-05-21 08:07:07.547500+00:00,1147
2019-05-21 08:07:08.028500+00:00,1148
2019-05-21 08:07:09.270500+00:00,1149
2019-05-21 08:07:10.400500+00:00,1150
2019-05-21 08:07:10.722000+00:00,1151
2019-05-21 08:07:10.826500+00:00,1152
2019-05-21 08:07:11.439500+00:00,1153
2019-05-21 08:07:11.714000+00:00,1154
2019-05-21 08:07:12.160500+00:00,1155
2019-05-21 08:07:12.841500+00:00,1156
2019-05-21 08:07:12.926500+00:00,1157
2019-05-21 08:07:13.289500+00:00,1158
2019-05-21 08:07:13.762500+00:00,1159
2019-05-21 08:07:14.152500+00:00,1160
2019-05-21 08:07:14.396500+00:00,1161
2019-05-21 08:07:15.558500+00:00,1162
2019-05-21 08:07:15.701000+00:00,1163
2019-05-21 08:07:16.336500+00:00,1164
2019-05-21 08:07:16.975500+00:00,1165
2019-05-21 08:07:17.535500+00:00,1166
2019-05-21 08:07:19.903000+00:00,1167
2019-05-21 08:07:20.475000+00:00,1168
2019-05-21 08:07:20.602000+00:00,1169
2019-05-21 08:07:21.363000+00:00,1170
2019-05-21 08:07:32.463000+00:00,1171
2019-05-21 08:07:33.056500+00:00,1172
2019-05-21 08:07:33.164500+00:00,1173
2019-05-21 08:07:33.792000+00:00,1174
2019-05-21 08:07:35.695000+00:00,1175
2019-05-21 08:07:36.861000+00:00,1176
2019-05-21 08:07:37.672000+00:00,1177
2019-05-21 08:07:49.026000+00:00,1178
2019-05-21 08:07:50.230500+00:00,1179
2019-05-21 08:08:02.444000+00:00,1180
2019-05-21 08:08:04.570500+00:00,1181
2019-05-21 08:08:05.198000+00:00,1182
2019-05-21 08:08:05.323000+00:00,1183
2019-05-21 08:08:05.946500+00:00,1184
2019-05-21 08:08:07.376000+00:00,1185
2019-05-21 08:08:08.132500+00:00,1186
2019-05-21 08:08:08.352000+00:00,1187
2019-05-21 08:08:09.416500+00:00,1188
2019-05-21 08:08:09.964500+00:00,1189
2019-05-21 08:08:10.897500+00:00,1190
2019-05-21 08:08:11.412500+00:00,1191
2019-05-21 08:08:11.609000+00:00,1192
2019-05-21 08:08:11.686500+00:00,1193
2019-05-21 08:08:13.161500+00:00,1194
2019-05-21 08:08:14.367500+00:00,1195
2019-05-21 08:08:17.916500+00:00,1196
2019-05-21 08:08:19.528500+00:00,1197
2019-05-21 08:08:20.113000+00:00,1198
2019-05-21 08:08:21.079000+00:00,1199
2019-05-21 08:08:21.163000+00:00,1200
2019-05-21 08:08:38.252500+00:00,1201
2019-05-21 08:08:39.050500+00:00,1202
2019-05-21 08:08:40.163500+00:00,1203
2019-05-21 08:08:41.906000+00:00,1204
2019-05-21 08:08:42.642500+00:00,1205
2019-05-21 08:08:43.173500+00:00,1206
2019-05-21 08:08:43.592500+00:00,1207
2019-05-21 08:08:44.084500+00:00,1208
2019-05-21 08:08:44.513000+00:00,1209
2019-05-21 08:08:44.889500+00:00,1210
2019-05-21 08:08:45.397000+00:00,1211
2019-05-21 08:08:45.948500+00:00,1212
2019-05-21 08:08:46.459000+00:00,1213
2019-05-21 08:08:46.576500+00:00,1214
2019-05-21 08:08:47.219500+00:00,1215
2019-05-21 08:08:47.819500+00:00,1216
2019-05-21 08:08:49.238500+00:00,1217
2019-05-21 08:08:50.467000+00:00,1218
2019-05-21 08:08:53.007000+00:00,1219
2019-05-21 08:08:53.999000+00:00,1220
2019-05-21 08:09:05.490500+00:00,1221
2019-05-21 08:09:08.042500+00:00,1222
2019-05-21 08:09:09.267500+00:00,1223
2019-05-21 08:09:09.381500+00:00,1224
2019-05-21 08:09:10.749500+00:00,1225
2019-05-21 08:09:10.936000+00:00,1226
2019-05-21 08:09:11.831500+00:00,1227
2019-05-21 08:09:19.674000+00:00,1228
2019-05-21 08:09:21.600000+00:00,1229
2019-05-21 08:09:22.229000+00:00,1230
2019-05-21 08:09:22.307000+00:00,1231
2019-05-21 08:09:22.991000+00:00,1232
2019-05-21 08:09:23.714000+00:00,1233
2019-05-21 08:09:24.362000+00:00,1234
2019-05-21 08:09:30.162000+00:00,1235
2019-05-21 08:09:32.512000+00:00,1236
2019-05-21 08:09:33.611000+00:00,1237
2019-05-21 08:09:42.506500+00:00,1238
2019-05-21 08:09:42.581500+00:00,1239
2019-05-21 08:09:42.844500+00:00,1240
2019-05-21 08:09:43.940500+00:00,1241
2019-05-21 08:09:44.865000+00:00,1242
2019-05-21 08:09:48.454500+00:00,1243
2019-05-21 08:09:49.110000+00:00,1244
2019-05-21 08:09:49.748000+00:00,1245
2019-05-21 08:09:49.987000+00:00,1246
2019-05-21 08:09:50.067000+00:00,1247
2019-05-21 08:09:50.465500+00:00,1248
2019-05-21 08:09:50.623000+00:00,1249
2019-05-21 08:09:51.238000+00:00,1250
2019-05-21 08:09:51.378000+00:00,1251
2019-05-21 08:09:53.076000+00:00,1252
2019-05-21 08:09:53.528000+00:00,1253
2019-05-21 08:09:54.022000+00:00,1254
2019-05-21 08:09:54.554000+00:00,1255
2019-05-21 08:09:54.634000+00:00,1256
2019-05-21 08:09:55.055500+00:00,1257
2019-05-21 08:09:55.148000+00:00,1258
2019-05-21 08:09:55.243000+00:00,1259
2019-05-21 08:09:55.343500+00:00,1260
2019-05-21 08:09:55.563000+00:00,1261
2019-05-21 08:10:43.307000+00:00,1262
2019-05-21 08:11:37.239000+00:00,1263
2019-05-21 08:11:38.009000+00:00,1264
2019-05-21 08:12:07.347500+00:00,1265
2019-05-21 08:12:11.317000+00:00,1266
2019-05-21 08:12:11.896000+00:00,1267
2019-05-21 08:12:13.724000+00:00,1268
2019-05-21 08:12:24.953000+00:00,1269
2019-05-21 08:12:29.638000+00:00,1270
2019-05-21 08:12:30.587000+00:00,1271
2019-05-21 08:12:31.606000+00:00,1272
2019-05-21 08:12:32.276500+00:00,1273
2019-05-21 08:12:33.051000+00:00,1274
2019-05-21 08:12:39.795500+00:00,1275
2019-05-21 08:12:44.923500+00:00,1276
2019-05-21 08:12:45.959500+00:00,1277
2019-05-21 08:12:46.651500+00:00,1278
2019-05-21 08:12:47.344500+00:00,1279
2019-05-21 08:12:48.714500+00:00,1280
2019-05-21 08:12:48.793500+00:00,1281
2019-05-21 08:12:50.096500+00:00,1282
2019-05-21 08:12:50.803000+00:00,1283
2019-05-21 08:12:51.532000+00:00,1284
2019-05-21 08:12:51.618000+00:00,1285
2019-05-21 08:12:52.210000+00:00,1286
2019-05-21 08:12:52.844500+00:00,1287
2019-05-21 08:12:53.262000+00:00,1288
2019-05-21 08:12:54.329000+00:00,1289
2019-05-21 08:12:54.422000+00:00,1290
2019-05-21 08:12:55.917000+00:00,1291
2019-05-21 08:12:56.406000+00:00,1292
2019-05-21 08:12:56.949500+00:00,1293
2019-05-21 08:12:57.640500+00:00,1294
2019-05-21 08:12:58.970000+00:00,1295
2019-05-21 08:12:59.072000+00:00,1296
2019-05-21 08:13:00.318000+00:00,1297
2019-05-21 08:13:01.962000+00:00,1298
2019-05-21 08:13:02.042000+00:00,1299
2019-05-21 08:13:02.640000+00:00,1300
2019-05-21 08:13:03.192500+00:00,1301
2019-05-21 08:13:03.917000+00:00,1302
2019-05-21 08:13:04.614000+00:00,1303
2019-05-21 08:13:04.698500+00:00,1304
2019-05-21 08:13:04.900000+00:00,1305
2019-05-21 08:13:05.274500+00:00,1306
2019-05-21 08:13:05.435500+00:00,1307
2019-05-21 08:13:06.027500+00:00,1308
2019-05-21 08:13:06.142500+00:00,1309
2019-05-21 08:13:06.247000+00:00,1310
2019-05-21 08:13:06.823000+00:00,1311
2019-05-21 08:13:06.989500+00:00,1312
2019-05-21 08:13:08.722500+00:00,1313
2019-05-21 08:13:09.323500+00:00,1314
2019-05-21 08:13:10.521500+00:00,1315
2019-05-21 08:13:16.306000+00:00,1316
2019-05-21 08:13:33.950000+00:00,1317
2019-05-21 08:13:35.179500+00:00,1318
2019-05-21 08:13:39.658000+00:00,1319
2019-05-21 08:13:43.790000+00:00,1320
2019-05-21 08:13:44.939500+00:00,1321
2019-05-21 08:13:50.839000+00:00,1322
2019-05-21 08:13:56.913000+00:00,1323
2019-05-21 08:13:58.526000+00:00,1324
2019-05-21 08:13:59.173500+00:00,1325
2019-05-21 08:14:00.925500+00:00,1326
2019-05-21 08:14:01.959000+00:00,1327
2019-05-21 08:14:03.318500+00:00,1328
2019-05-21 08:14:03.790000+00:00,1329
2019-05-21 08:14:04.576000+00:00,1330
2019-05-21 08:14:05.123500+00:00,1331
2019-05-21 08:14:05.385000+00:00,1332
2019-05-21 08:14:05.836500+00:00,1333
2019-05-21 08:14:06.122500+00:00,1334
2019-05-21 08:14:06.595000+00:00,1335
2019-05-21 08:14:07.314000+00:00,1336
2019-05-21 08:14:07.654000+00:00,1337
2019-05-21 08:14:08.215500+00:00,1338
2019-05-21 08:14:08.651500+00:00,1339
2019-05-21 08:14:09.103500+00:00,1340
2019-05-21 08:14:09.898500+00:00,1341
2019-05-21 08:14:10.450000+00:00,1342
2019-05-21 08:14:10.973500+00:00,1343
2019-05-21 08:14:11.465500+00:00,1344
2019-05-21 08:14:11.942500+00:00,1345
2019-05-21 08:14:12.398500+00:00,1346
2019-05-21 08:14:12.730000+00:00,1347
2019-05-21 08:14:13.260500+00:00,1348
2019-05-21 08:14:14.621000+00:00,1349
2019-05-21 08:14:15.213500+00:00,1350
2019-05-21 08:14:15.607500+00:00,1351
2019-05-21 08:14:16.079500+00:00,1352
2019-05-21 08:14:16.483500+00:00,1353
2019-05-21 08:14:16.973500+00:00,1354
2019-05-21 08:14:17.468500+00:00,1355
2019-05-21 08:14:17.953500+00:00,1356
2019-05-21 08:14:19.411500+00:00,1357
2019-05-21 08:14:19.504500+00:00,1358
2019-05-21 08:14:20.036000+00:00,1359
2019-05-21 08:14:20.624000+00:00,1360
2019-05-21 08:14:21.132000+00:00,1361
2019-05-21 08:14:21.610000+00:00,1362
2019-05-21 08:14:22.029500+00:00,1363
2019-05-21 08:14:23.018000+00:00,1364
2019-05-21 08:14:23.098000+00:00,1365
2019-05-21 08:14:23.186000+00:00,1366
2019-05-21 08:14:29.528000+00:00,1367
2019-05-21 08:14:29.608000+00:00,1368
2019-05-21 08:14:32.635000+00:00,1369
2019-05-21 08:14:35.142500+00:00,1370
2019-05-21 08:14:35.699500+00:00,1371
2019-05-21 08:14:36.187500+00:00,1372
2019-05-21 08:14:36.659000+00:00,1373
2019-05-21 08:14:37.123000+00:00,1374
2019-05-21 08:14:38.023000+00:00,1375
2019-05-21 08:14:38.455000+00:00,1376
2019-05-21 08:14:38.883000+00:00,1377
2019-05-21 08:14:41.064500+00:00,1378
2019-05-21 08:14:41.664000+00:00,1379
2019-05-21 08:14:41.830500+00:00,1380
2019-05-21 08:14:42.451500+00:00,1381
2019-05-21 08:14:43.068500+00:00,1382
2019-05-21 08:14:43.312500+00:00,1383
2019-05-21 08:14:43.582500+00:00,1384
2019-05-21 08:14:43.703500+00:00,1385
2019-05-21 08:14:44.010500+00:00,1386
2019-05-21 08:14:44.101500+00:00,1387
2019-05-21 08:14:44.381500+00:00,1388
2019-05-21 08:14:44.465500+00:00,1389
2019-05-21 08:14:45.018500+00:00,1390
2019-05-21 08:14:45.098500+00:00,1391
2019-05-21 08:14:46.010500+00:00,1392
2019-05-21 08:14:50.551500+00:00,1393
2019-05-21 08:14:51.004000+00:00,1394
2019-05-21 08:14:51.404500+00:00,1395
2019-05-21 08:14:51.818500+00:00,1396
2019-05-21 08:14:52.748000+00:00,1397
2019-05-21 08:14:53.171500+00:00,1398
2019-05-21 08:14:54.068500+00:00,1399
2019-05-21 08:14:54.631000+00:00,1400
2019-05-21 08:14:54.720000+00:00,1401
2019-05-21 08:14:54.970000+00:00,1402
2019-05-21 08:14:55.448000+00:00,1403
2019-05-21 08:14:55.523000+00:00,1404
2019-05-21 08:14:56.190500+00:00,1405
2019-05-21 08:14:56.834500+00:00,1406
2019-05-21 08:14:56.930000+00:00,1407
2019-05-21 08:14:57.622000+00:00,1408
2019-05-21 08:14:57.701000+00:00,1409
2019-05-21 08:14:58.405500+00:00,1410
2019-05-21 08:14:58.911000+00:00,1411
2019-05-21 08:14:59.391000+00:00,1412
2019-05-21 08:14:59.812500+00:00,1413
2019-05-21 08:15:00.746000+00:00,1414
2019-05-21 08:15:00.829000+00:00,1415
2019-05-21 08:15:01.325000+00:00,1416
2019-05-21 08:15:01.782000+00:00,1417
2019-05-21 08:15:02.762000+00:00,1418
2019-05-21 08:15:02.843000+00:00,1419
2019-05-21 08:15:03.554000+00:00,1420
2019-05-21 08:15:03.845000+00:00,1421
2019-05-21 08:15:04.315000+00:00,1422
2019-05-21 08:15:04.693500+00:00,1423
2019-05-21 08:15:05.157000+00:00,1424
2019-05-21 08:15:05.544000+00:00,1425
2019-05-21 08:15:05.977500+00:00,1426
2019-05-21 08:15:06.425500+00:00,1427
2019-05-21 08:15:06.980000+00:00,1428
2019-05-21 08:15:07.488500+00:00,1429
2019-05-21 08:15:07.585500+00:00,1430
2019-05-21 08:15:08.122500+00:00,1431
2019-05-21 08:15:08.220500+00:00,1432
2019-05-21 08:15:08.772500+00:00,1433
2019-05-21 08:15:08.849500+00:00,1434
2019-05-21 08:15:10.146500+00:00,1435
2019-05-21 08:15:10.652500+00:00,1436
2019-05-21 08:15:11.096000+00:00,1437
2019-05-21 08:15:11.608000+00:00,1438
2019-05-21 08:15:12.386500+00:00,1439
2019-05-21 08:15:13.044500+00:00,1440
2019-05-21 08:15:13.940500+00:00,1441
2019-05-21 08:15:16.632000+00:00,1442
2019-05-21 08:16:01.006000+00:00,1443
2019-05-21 08:16:02.138000+00:00,1444
2019-05-21 08:16:02.831000+00:00,1445
2019-05-21 08:16:04.276500+00:00,1446
2019-05-21 08:16:08.504500+00:00,1447
2019-05-21 08:16:09.038500+00:00,1448
2019-05-21 08:16:09.547500+00:00,1449
2019-05-21 08:16:10.188500+00:00,1450
2019-05-21 08:16:11.124000+00:00,1451
2019-05-21 08:16:11.562000+00:00,1452
2019-05-21 08:16:12.562500+00:00,1453
2019-05-21 08:16:13.107500+00:00,1454
2019-05-21 08:16:13.558500+00:00,1455
2019-05-21 08:16:15.757500+00:00,1456
2019-05-21 08:16:15.835500+00:00,1457
2019-05-21 08:16:20.653500+00:00,1458
2019-05-21 08:16:21.646000+00:00,1459
2019-05-21 08:17:54.069500+00:00,1460
2019-05-21 08:17:54.146500+00:00,1461
2019-05-21 08:17:54.814500+00:00,1462
2019-05-21 08:17:55.393500+00:00,1463
2019-05-21 08:17:55.494500+00:00,1464
2019-05-21 08:17:56.003500+00:00,1465
2019-05-21 08:17:56.153500+00:00,1466
2019-05-21 08:17:56.558000+00:00,1467
2019-05-21 08:17:56.643000+00:00,1468
2019-05-21 08:17:57.081000+00:00,1469
2019-05-21 08:17:57.841500+00:00,1470
2019-05-21 08:17:57.975500+00:00,1471
2019-05-21 08:17:58.551000+00:00,1472
2019-05-21 08:17:58.919000+00:00,1473
2019-05-21 08:17:59.813000+00:00,1474
2019-05-21 08:18:00.257000+00:00,1475
2019-05-21 08:18:00.522500+00:00,1476
2019-05-21 08:18:00.996000+00:00,1477
2019-05-21 08:18:01.116000+00:00,1478
2019-05-21 08:18:01.282000+00:00,1479
2019-05-21 08:18:01.425500+00:00,1480
2019-05-21 08:18:01.914500+00:00,1481
2019-05-21 08:18:02.058000+00:00,1482
2019-05-21 08:18:02.169000+00:00,1483
2019-05-21 08:18:03.631000+00:00,1484
2019-05-21 08:18:04.186500+00:00,1485
2019-05-21 08:18:04.264500+00:00,1486
2019-05-21 08:18:04.611500+00:00,1487
2019-05-21 08:18:05.051500+00:00,1488
2019-05-21 08:18:05.874000+00:00,1489
2019-05-21 08:18:06.384000+00:00,1490
2019-05-21 08:18:06.708000+00:00,1491
2019-05-21 08:18:07.207000+00:00,1492
2019-05-21 08:18:07.966500+00:00,1493
2019-05-21 08:18:08.045500+00:00,1494
2019-05-21 08:18:08.157000+00:00,1495
2019-05-21 08:18:08.238500+00:00,1496
2019-05-21 08:18:08.772500+00:00,1497
2019-05-21 08:18:08.850500+00:00,1498
2019-05-21 08:18:09.486000+00:00,1499
2019-05-21 08:18:09.835500+00:00,1500
2019-05-21 08:18:10.265500+00:00,1501
2019-05-21 08:18:10.340500+00:00,1502
2019-05-21 08:18:10.697000+00:00,1503
2019-05-21 08:18:12.001500+00:00,1504
2019-05-21 08:18:12.510500+00:00,1505
2019-05-21 08:18:12.608500+00:00,1506
2019-05-21 08:18:13.265500+00:00,1507
2019-05-21 08:18:13.341500+00:00,1508
2019-05-21 08:18:13.755500+00:00,1509
2019-05-21 08:18:13.868500+00:00,1510
2019-05-21 08:18:14.028500+00:00,1511
2019-05-21 08:18:14.108500+00:00,1512
2019-05-21 08:18:14.598500+00:00,1513
2019-05-21 08:18:14.707500+00:00,1514
2019-05-21 08:18:14.783500+00:00,1515
2019-05-21 08:18:16.037500+00:00,1516
2019-05-21 08:18:16.208000+00:00,1517
2019-05-21 08:18:16.405500+00:00,1518
2019-05-21 08:18:16.528000+00:00,1519
2019-05-21 08:18:16.911500+00:00,1520
2019-05-21 08:18:17.255500+00:00,1521
2019-05-21 08:18:17.780000+00:00,1522
2019-05-21 08:18:17.954500+00:00,1523
2019-05-21 08:18:18.038500+00:00,1524
2019-05-21 08:18:18.112500+00:00,1525
2019-05-21 08:18:18.680500+00:00,1526
2019-05-21 08:18:18.811000+00:00,1527
2019-05-21 08:18:19.042000+00:00,1528
2019-05-21 08:18:19.414500+00:00,1529
2019-05-21 08:18:19.683500+00:00,1530
2019-05-21 08:18:20.190000+00:00,1531
2019-05-21 08:18:20.306000+00:00,1532
2019-05-21 08:18:20.965500+00:00,1533
2019-05-21 08:18:21.062500+00:00,1534
2019-05-21 08:18:21.831000+00:00,1535
2019-05-21 08:18:21.924000+00:00,1536
2019-05-21 08:18:22.135500+00:00,1537
2019-05-21 08:18:22.723500+00:00,1538
2019-05-21 08:18:23.232000+00:00,1539
2019-05-21 08:18:24.653000+00:00,1540
2019-05-21 08:18:24.731000+00:00,1541
2019-05-21 08:18:25.443000+00:00,1542
2019-05-21 08:18:25.522000+00:00,1543
2019-05-21 08:18:26.019500+00:00,1544
2019-05-21 08:18:26.451500+00:00,1545
2019-05-21 08:18:27.337000+00:00,1546
2019-05-21 08:18:27.790000+00:00,1547
2019-05-21 08:18:27.874000+00:00,1548
2019-05-21 08:18:28.132500+00:00,1549
2019-05-21 08:18:28.655000+00:00,1550
2019-05-21 08:18:28.733500+00:00,1551
2019-05-21 08:18:29.116500+00:00,1552
2019-05-21 08:18:29.529000+00:00,1553
2019-05-21 08:18:30.033500+00:00,1554
2019-05-21 08:18:30.152500+00:00,1555
2019-05-21 08:18:30.349500+00:00,1556
2019-05-21 08:18:31.115000+00:00,1557
2019-05-21 08:18:31.629000+00:00,1558
2019-05-21 08:18:31.775000+00:00,1559
2019-05-21 08:18:31.974500+00:00,1560
2019-05-21 08:18:32.387500+00:00,1561
2019-05-21 08:18:32.649000+00:00,1562
2019-05-21 08:18:33.218000+00:00,1563
2019-05-21 08:18:33.357000+00:00,1564
2019-05-21 08:18:33.475000+00:00,1565
2019-05-21 08:18:33.959500+00:00,1566
2019-05-21 08:18:34.101500+00:00,1567
2019-05-21 08:18:34.705000+00:00,1568
2019-05-21 08:18:34.801000+00:00,1569
2019-05-21 08:18:34.909500+00:00,1570
2019-05-21 08:18:34.981500+00:00,1571
2019-05-21 08:18:35.543000+00:00,1572
2019-05-21 08:18:35.862000+00:00,1573
2019-05-21 08:18:36.432000+00:00,1574
2019-05-21 08:18:37.279000+00:00,1575
2019-05-21 08:18:37.696500+00:00,1576
2019-05-21 08:18:38.168000+00:00,1577
2019-05-21 08:18:38.667500+00:00,1578
2019-05-21 08:18:39.063000+00:00,1579
2019-05-21 08:18:39.555500+00:00,1580
2019-05-21 08:18:39.674500+00:00,1581
2019-05-21 08:18:40.123500+00:00,1582
2019-05-21 08:18:46.736500+00:00,1583
2019-05-21 08:18:46.834500+00:00,1584
2019-05-21 08:18:47.428500+00:00,1585
2019-05-21 08:18:52.495500+00:00,1586
2019-05-21 08:18:53.104000+00:00,1587
2019-05-21 08:18:53.498500+00:00,1588
2019-05-21 08:18:54.468500+00:00,1589
2019-05-21 08:18:55.730500+00:00,1590
2019-05-21 08:18:56.595000+00:00,1591
2019-05-21 08:18:57.000500+00:00,1592
2019-05-21 08:18:57.473000+00:00,1593
2019-05-21 08:18:58.036000+00:00,1594
2019-05-21 08:18:59.406500+00:00,1595
2019-05-21 08:19:03.087000+00:00,1596
2019-05-21 08:19:03.662000+00:00,1597
2019-05-21 08:19:04.500000+00:00,1598
2019-05-21 08:19:17.793500+00:00,1599
2019-05-21 08:19:17.889500+00:00,1600
2019-05-21 08:19:18.827500+00:00,1601
2019-05-21 08:19:19.432500+00:00,1602
2019-05-21 08:19:19.524500+00:00,1603
2019-05-21 08:19:20.204500+00:00,1604
2019-05-21 08:19:20.866000+00:00,1605
2019-05-21 08:19:23.656000+00:00,1606
2019-05-21 08:19:24.354000+00:00,1607
2019-05-21 08:19:24.978500+00:00,1608
2019-05-21 08:19:25.067500+00:00,1609
2019-05-21 08:19:25.659500+00:00,1610
2019-05-21 08:19:26.233500+00:00,1611
2019-05-21 08:19:26.730000+00:00,1612
2019-05-21 08:19:26.814000+00:00,1613
2019-05-21 08:19:27.225000+00:00,1614
2019-05-21 08:19:27.316000+00:00,1615
2019-05-21 08:19:28.217500+00:00,1616
2019-05-21 08:19:28.713000+00:00,1617
2019-05-21 08:19:29.095000+00:00,1618
2019-05-21 08:19:29.483000+00:00,1619
2019-05-21 08:19:29.608000+00:00,1620
2019-05-21 08:19:31.288500+00:00,1621
2019-05-21 08:20:18.153500+00:00,1622
2019-05-21 08:20:19.743500+00:00,1623
2019-05-21 08:20:20.286500+00:00,1624
2019-05-21 08:20:20.751500+00:00,1625
2019-05-21 08:20:22.309500+00:00,1626
2019-05-21 08:20:23.331500+00:00,1627
2019-05-21 08:20:23.426500+00:00,1628
2019-05-21 08:20:23.861500+00:00,1629
2019-05-21 08:20:24.310500+00:00,1630
2019-05-21 08:20:24.406500+00:00,1631
2019-05-21 08:20:26.374000+00:00,1632
2019-05-21 08:20:28.093000+00:00,1633
2019-05-21 08:20:29.858000+00:00,1634
2019-05-21 08:20:29.970000+00:00,1635
2019-05-21 08:20:30.659000+00:00,1636
2019-05-21 08:20:31.134000+00:00,1637
2019-05-21 08:20:31.219000+00:00,1638
2019-05-21 08:20:31.540000+00:00,1639
2019-05-21 08:20:31.632500+00:00,1640
2019-05-21 08:20:32.037000+00:00,1641
2019-05-21 08:20:32.165500+00:00,1642
2019-05-21 08:20:32.255000+00:00,1643
2019-05-21 08:20:32.734000+00:00,1644
2019-05-21 08:20:32.873000+00:00,1645
2019-05-21 08:20:33.340000+00:00,1646
2019-05-21 08:20:33.422000+00:00,1647
2019-05-21 08:20:33.654000+00:00,1648
2019-05-21 08:20:33.770500+00:00,1649
2019-05-21 08:20:34.185000+00:00,1650
2019-05-21 08:20:34.468000+00:00,1651
2019-05-21 08:20:34.810500+00:00,1652
2019-05-21 08:20:34.918500+00:00,1653
2019-05-21 08:20:35.653000+00:00,1654
2019-05-21 08:20:36.224000+00:00,1655
2019-05-21 08:20:36.373500+00:00,1656
2019-05-21 08:20:36.664000+00:00,1657
2019-05-21 08:20:37.085000+00:00,1658
2019-05-21 08:20:37.598500+00:00,1659
2019-05-21 08:20:37.675500+00:00,1660
2019-05-21 08:20:38.032000+00:00,1661
2019-05-21 08:20:38.114000+00:00,1662
2019-05-21 08:20:38.568000+00:00,1663
2019-05-21 08:20:39.012500+00:00,1664
2019-05-21 08:20:39.131500+00:00,1665
2019-05-21 08:20:39.751500+00:00,1666
2019-05-21 08:20:39.870500+00:00,1667
2019-05-21 08:20:40.523000+00:00,1668
2019-05-21 08:20:41.101500+00:00,1669
2019-05-21 08:20:41.202500+00:00,1670
2019-05-21 08:20:41.692500+00:00,1671
2019-05-21 08:20:42.327500+00:00,1672
2019-05-21 08:20:42.407500+00:00,1673
2019-05-21 08:20:42.966500+00:00,1674
2019-05-21 08:20:43.540000+00:00,1675
2019-05-21 08:20:44.101500+00:00,1676
2019-05-21 08:20:44.194500+00:00,1677
2019-05-21 08:20:44.924500+00:00,1678
2019-05-21 08:20:45.745500+00:00,1679
2019-05-21 08:20:46.317500+00:00,1680
2019-05-21 08:20:46.437500+00:00,1681
2019-05-21 08:20:46.866000+00:00,1682
2019-05-21 08:20:46.942000+00:00,1683
2019-05-21 08:20:47.711500+00:00,1684
2019-05-21 08:20:47.810500+00:00,1685
2019-05-21 08:20:48.357000+00:00,1686
2019-05-21 08:20:49.438000+00:00,1687
2019-05-21 08:20:49.897500+00:00,1688
2019-05-21 08:20:50.671000+00:00,1689
2019-05-21 08:20:51.151500+00:00,1690
2019-05-21 08:20:51.642000+00:00,1691
2019-05-21 08:20:52.054500+00:00,1692
2019-05-21 08:20:52.511000+00:00,1693
2019-05-21 08:20:53.448000+00:00,1694
2019-05-21 08:20:53.913500+00:00,1695
2019-05-21 08:20:54.318000+00:00,1696
2019-05-21 08:20:54.748500+00:00,1697
2019-05-21 08:20:55.165500+00:00,1698
2019-05-21 08:20:55.253500+00:00,1699
2019-05-21 08:20:56.027000+00:00,1700
2019-05-21 08:20:56.563000+00:00,1701
2019-05-21 08:20:57.165000+00:00,1702
2019-05-21 08:20:57.752000+00:00,1703
2019-05-21 08:20:58.387000+00:00,1704
2019-05-21 08:20:58.973000+00:00,1705
2019-05-21 08:20:59.052000+00:00,1706
2019-05-21 08:20:59.512000+00:00,1707
2019-05-21 08:21:00.014500+00:00,1708
2019-05-21 08:21:00.092500+00:00,1709
2019-05-21 08:21:00.355000+00:00,1710
2019-05-21 08:21:01.306000+00:00,1711
2019-05-21 08:21:01.694000+00:00,1712
2019-05-21 08:21:02.110000+00:00,1713
2019-05-21 08:21:02.186000+00:00,1714
2019-05-21 08:21:02.510000+00:00,1715
2019-05-21 08:21:02.952500+00:00,1716
2019-05-21 08:21:03.378000+00:00,1717
2019-05-21 08:21:04.128000+00:00,1718
2019-05-21 08:21:04.783500+00:00,1719
2019-05-21 08:21:05.484500+00:00,1720
2019-05-21 08:21:06.006500+00:00,1721
2019-05-21 08:21:06.083500+00:00,1722
2019-05-21 08:21:06.682000+00:00,1723
2019-05-21 08:21:06.757000+00:00,1724
2019-05-21 08:21:07.216500+00:00,1725
2019-05-21 08:21:07.662000+00:00,1726
2019-05-21 08:21:07.752000+00:00,1727
2019-05-21 08:21:08.108000+00:00,1728
2019-05-21 08:21:09.167000+00:00,1729
2019-05-21 08:21:09.414000+00:00,1730
2019-05-21 08:21:10.030000+00:00,1731
2019-05-21 08:21:10.168000+00:00,1732
2019-05-21 08:21:10.859000+00:00,1733
2019-05-21 08:21:10.944000+00:00,1734
2019-05-21 08:21:11.556500+00:00,1735
2019-05-21 08:21:14.815500+00:00,1736
2019-05-21 08:21:16.838000+00:00,1737
2019-05-21 08:21:17.564500+00:00,1738
2019-05-21 08:22:07.613500+00:00,1739
2019-05-21 08:22:08.098500+00:00,1740
2019-05-21 08:22:08.511500+00:00,1741
2019-05-21 08:22:09.001000+00:00,1742
2019-05-21 08:22:09.547000+00:00,1743
2019-05-21 08:22:30.528000+00:00,1744
2019-05-21 08:23:54.418000+00:00,1745
2019-05-21 08:23:54.953500+00:00,1746
2019-05-21 08:23:55.453500+00:00,1747
2019-05-21 08:23:56.341500+00:00,1748
2019-05-21 08:23:56.416000+00:00,1749
2019-05-21 08:23:56.922000+00:00,1750
2019-05-21 08:23:57.820500+00:00,1751
2019-05-21 08:23:58.720500+00:00,1752
2019-05-21 08:23:59.181000+00:00,1753
2019-05-21 08:23:59.698000+00:00,1754
2019-05-21 08:24:00.041000+00:00,1755
2019-05-21 08:24:00.485000+00:00,1756
2019-05-21 08:24:01.090500+00:00,1757
2019-05-21 08:24:01.223000+00:00,1758
2019-05-21 08:24:01.319000+00:00,1759
2019-05-21 08:24:01.932000+00:00,1760
2019-05-21 08:24:02.242500+00:00,1761
2019-05-21 08:24:02.698000+00:00,1762
2019-05-21 08:24:03.172000+00:00,1763
2019-05-21 08:24:03.630500+00:00,1764
2019-05-21 08:24:04.037500+00:00,1765
2019-05-21 08:24:04.133500+00:00,1766
2019-05-21 08:24:04.564000+00:00,1767
2019-05-21 08:24:04.910500+00:00,1768
2019-05-21 08:24:05.441000+00:00,1769
2019-05-21 08:24:10.330500+00:00,1770
2019-05-21 08:24:10.806500+00:00,1771
2019-05-21 08:24:11.253000+00:00,1772
2019-05-21 08:24:11.679500+00:00,1773
2019-05-21 08:24:12.072500+00:00,1774
2019-05-21 08:24:12.156500+00:00,1775
2019-05-21 08:24:13.249500+00:00,1776
2019-05-21 08:24:13.503500+00:00,1777
2019-05-21 08:24:14.020500+00:00,1778
2019-05-21 08:24:14.392000+00:00,1779
2019-05-21 08:24:14.494000+00:00,1780
2019-05-21 08:24:15.232500+00:00,1781
2019-05-21 08:24:15.635500+00:00,1782
2019-05-21 08:24:16.599000+00:00,1783
2019-05-21 08:24:16.677000+00:00,1784
2019-05-21 08:24:17.005500+00:00,1785
2019-05-21 08:24:17.349000+00:00,1786
2019-05-21 08:24:17.784500+00:00,1787
2019-05-21 08:24:18.081500+00:00,1788
2019-05-21 08:24:18.518000+00:00,1789
2019-05-21 08:24:19.346000+00:00,1790
2019-05-21 08:24:19.435500+00:00,1791
2019-05-21 08:24:19.924500+00:00,1792
2019-05-21 08:24:20.685500+00:00,1793
2019-05-21 08:24:20.980500+00:00,1794
2019-05-21 08:24:21.441000+00:00,1795
2019-05-21 08:24:21.645000+00:00,1796
2019-05-21 08:24:22.161000+00:00,1797
2019-05-21 08:24:22.248000+00:00,1798
2019-05-21 08:24:22.404500+00:00,1799
2019-05-21 08:24:23.061000+00:00,1800
2019-05-21 08:24:23.363000+00:00,1801
2019-05-21 08:24:23.884000+00:00,1802
2019-05-21 08:24:24.055000+00:00,1803
2019-05-21 08:24:24.698000+00:00,1804
2019-05-21 08:24:24.861500+00:00,1805
2019-05-21 08:24:24.932000+00:00,1806
2019-05-21 08:24:25.447500+00:00,1807
2019-05-21 08:24:25.537500+00:00,1808
2019-05-21 08:24:25.618000+00:00,1809
2019-05-21 08:24:26.226000+00:00,1810
2019-05-21 08:24:26.359000+00:00,1811
2019-05-21 08:24:26.984000+00:00,1812
2019-05-21 08:24:27.068000+00:00,1813
2019-05-21 08:24:27.300000+00:00,1814
2019-05-21 08:24:27.837000+00:00,1815
2019-05-21 08:24:28.250000+00:00,1816
2019-05-21 08:24:28.579000+00:00,1817
2019-05-21 08:24:28.938000+00:00,1818
2019-05-21 08:24:29.401000+00:00,1819
2019-05-21 08:24:29.480000+00:00,1820
2019-05-21 08:24:29.700000+00:00,1821
2019-05-21 08:24:30.252000+00:00,1822
2019-05-21 08:24:30.695500+00:00,1823
2019-05-21 08:24:31.650500+00:00,1824
2019-05-21 08:24:32.104000+00:00,1825
2019-05-21 08:24:32.521500+00:00,1826
2019-05-21 08:24:32.986000+00:00,1827
2019-05-21 08:24:33.397000+00:00,1828
2019-05-21 08:24:33.880000+00:00,1829
2019-05-21 08:24:34.297500+00:00,1830
2019-05-21 08:24:34.736000+00:00,1831
2019-05-21 08:24:35.181000+00:00,1832
2019-05-21 08:24:35.981500+00:00,1833
2019-05-21 08:24:36.551500+00:00,1834
2019-05-21 08:24:36.647500+00:00,1835
2019-05-21 08:24:36.956500+00:00,1836
2019-05-21 08:24:37.403500+00:00,1837
2019-05-21 08:24:37.519500+00:00,1838
2019-05-21 08:24:37.630000+00:00,1839
2019-05-21 08:24:39.486500+00:00,1840
2019-05-21 08:24:40.703500+00:00,1841
2019-05-21 08:24:40.782500+00:00,1842
2019-05-21 08:24:41.348000+00:00,1843
2019-05-21 08:24:42.953500+00:00,1844
2019-05-21 08:24:43.271500+00:00,1845
2019-05-21 08:24:43.817500+00:00,1846
2019-05-21 08:24:43.901500+00:00,1847
2019-05-21 08:24:44.684500+00:00,1848
2019-05-21 08:24:44.799500+00:00,1849
2019-05-21 08:24:44.909000+00:00,1850
2019-05-21 08:24:45.527000+00:00,1851
2019-05-21 08:24:46.336500+00:00,1852
2019-05-21 08:24:47.325000+00:00,1853
2019-05-21 08:24:47.786500+00:00,1854
2019-05-21 08:24:49.250000+00:00,1855
2019-05-21 08:24:49.725000+00:00,1856
2019-05-21 08:24:50.128500+00:00,1857
2019-05-21 08:24:51.067000+00:00,1858
2019-05-21 08:24:52.133500+00:00,1859
2019-05-21 08:24:52.271500+00:00,1860
2019-05-21 08:24:52.481000+00:00,1861
2019-05-21 08:24:52.605000+00:00,1862
2019-05-21 08:24:56.758500+00:00,1863
2019-05-21 08:24:56.836500+00:00,1864
2019-05-21 08:25:04.432500+00:00,1865
2019-05-21 08:25:04.517500+00:00,1866
2019-05-21 08:25:05.070500+00:00,1867
2019-05-21 08:25:05.168500+00:00,1868
2019-05-21 08:25:05.615500+00:00,1869
2019-05-21 08:25:05.691500+00:00,1870
2019-05-21 08:25:06.316000+00:00,1871
2019-05-21 08:25:06.526500+00:00,1872
2019-05-21 08:25:07.104500+00:00,1873
2019-05-21 08:25:07.221500+00:00,1874
2019-05-21 08:25:08.494500+00:00,1875
2019-05-21 08:25:08.645500+00:00,1876
2019-05-21 08:25:09.179500+00:00,1877
2019-05-21 08:25:09.661500+00:00,1878
2019-05-21 08:25:10.430500+00:00,1879
2019-05-21 08:25:10.519500+00:00,1880
2019-05-21 08:25:11.213500+00:00,1881
2019-05-21 08:25:11.724000+00:00,1882
2019-05-21 08:25:12.490500+00:00,1883
2019-05-21 08:25:13.158000+00:00,1884
2019-05-21 08:25:13.248000+00:00,1885
2019-05-21 08:25:13.566500+00:00,1886
2019-05-21 08:25:14.612000+00:00,1887
2019-05-21 08:25:15.034500+00:00,1888
2019-05-21 08:25:15.508500+00:00,1889
2019-05-21 08:25:15.922000+00:00,1890
2019-05-21 08:25:16.341500+00:00,1891
2019-05-21 08:25:16.446500+00:00,1892
2019-05-21 08:25:16.891000+00:00,1893
2019-05-21 08:25:17.559000+00:00,1894
2019-05-21 08:25:17.635000+00:00,1895
2019-05-21 08:25:17.976500+00:00,1896
2019-05-21 08:25:18.512000+00:00,1897
2019-05-21 08:25:19.274000+00:00,1898
2019-05-21 08:25:19.762000+00:00,1899
2019-05-21 08:25:20.283000+00:00,1900
2019-05-21 08:25:21.337000+00:00,1901
2019-05-21 08:25:22.870000+00:00,1902
2019-05-21 08:25:23.319500+00:00,1903
2019-05-21 08:25:24.237500+00:00,1904
2019-05-21 08:25:25.160000+00:00,1905
2019-05-21 08:25:25.629000+00:00,1906
2019-05-21 08:25:26.066500+00:00,1907
2019-05-21 08:25:26.473500+00:00,1908
2019-05-21 08:25:26.983500+00:00,1909
2019-05-21 08:25:27.440000+00:00,1910
2019-05-21 08:25:27.879500+00:00,1911
2019-05-21 08:25:28.323500+00:00,1912
2019-05-21 08:25:28.780000+00:00,1913
2019-05-21 08:25:30.339000+00:00,1914
2019-05-21 08:25:30.683500+00:00,1915
2019-05-21 08:25:31.152000+00:00,1916
2019-05-21 08:25:33.464500+00:00,1917
2019-05-21 08:25:33.956500+00:00,1918
2019-05-21 08:25:34.464500+00:00,1919
2019-05-21 08:25:34.920000+00:00,1920
2019-05-21 08:25:35.355500+00:00,1921
2019-05-21 08:25:36.041000+00:00,1922
2019-05-21 08:25:36.139000+00:00,1923
2019-05-21 08:25:37.391000+00:00,1924
2019-05-21 08:25:37.753000+00:00,1925
2019-05-21 08:25:38.594500+00:00,1926
2019-05-21 08:25:38.968500+00:00,1927
2019-05-21 08:25:39.547000+00:00,1928
2019-05-21 08:25:40.182000+00:00,1929
2019-05-21 08:25:40.402500+00:00,1930
2019-05-21 08:25:40.955500+00:00,1931
2019-05-21 08:25:41.032500+00:00,1932
2019-05-21 08:25:41.565500+00:00,1933
2019-05-21 08:25:42.127000+00:00,1934
2019-05-21 08:25:42.231500+00:00,1935
2019-05-21 08:25:42.666500+00:00,1936
2019-05-21 08:25:43.019500+00:00,1937
2019-05-21 08:25:43.855500+00:00,1938
2019-05-21 08:25:44.817500+00:00,1939
2019-05-21 08:25:44.902500+00:00,1940
2019-05-21 08:25:45.630500+00:00,1941
2019-05-21 08:25:45.899500+00:00,1942
2019-05-21 08:25:46.452500+00:00,1943
2019-05-21 08:25:46.848500+00:00,1944
2019-05-21 08:25:47.335500+00:00,1945
2019-05-21 08:25:47.738000+00:00,1946
2019-05-21 08:25:48.715500+00:00,1947
2019-05-21 08:25:49.666000+00:00,1948
2019-05-21 08:25:50.117000+00:00,1949
2019-05-21 08:25:51.020000+00:00,1950
2019-05-21 08:25:51.537000+00:00,1951
2019-05-21 08:25:51.906000+00:00,1952
2019-05-21 08:25:52.400000+00:00,1953
2019-05-21 08:25:52.827000+00:00,1954
2019-05-21 08:25:53.170000+00:00,1955
2019-05-21 08:25:53.594000+00:00,1956
2019-05-21 08:25:53.922000+00:00,1957
2019-05-21 08:25:54.363500+00:00,1958
2019-05-21 08:25:55.152000+00:00,1959
2019-05-21 08:25:55.697000+00:00,1960
2019-05-21 08:25:56.453000+00:00,1961
2019-05-21 08:25:57.001000+00:00,1962
2019-05-21 08:25:57.909000+00:00,1963
2019-05-21 08:25:58.367500+00:00,1964
2019-05-21 08:25:58.810000+00:00,1965
2019-05-21 08:25:59.208000+00:00,1966
2019-05-21 08:25:59.604000+00:00,1967
2019-05-21 08:26:00.046500+00:00,1968
2019-05-21 08:26:00.513500+00:00,1969
2019-05-21 08:26:00.974500+00:00,1970
2019-05-21 08:26:01.440000+00:00,1971
2019-05-21 08:26:01.908000+00:00,1972
2019-05-21 08:26:02.335000+00:00,1973
2019-05-21 08:26:02.741000+00:00,1974
2019-05-21 08:26:03.161500+00:00,1975
2019-05-21 08:26:03.515500+00:00,1976
2019-05-21 08:26:03.951500+00:00,1977
2019-05-21 08:26:04.281500+00:00,1978
2019-05-21 08:26:04.758500+00:00,1979
2019-05-21 08:26:05.060500+00:00,1980
2019-05-21 08:26:05.564500+00:00,1981
2019-05-21 08:26:05.855500+00:00,1982
2019-05-21 08:26:06.325500+00:00,1983
2019-05-21 08:26:07.035500+00:00,1984
2019-05-21 08:26:07.313500+00:00,1985
2019-05-21 08:26:07.797500+00:00,1986
2019-05-21 08:26:08.479500+00:00,1987
2019-05-21 08:26:08.790500+00:00,1988
2019-05-21 08:26:09.279500+00:00,1989
2019-05-21 08:26:10.096000+00:00,1990
2019-05-21 08:26:10.594000+00:00,1991
2019-05-21 08:26:11.166500+00:00,1992
2019-05-21 08:26:14.686000+00:00,1993
2019-05-21 08:26:15.722000+00:00,1994
2019-05-21 08:27:08.566000+00:00,1995
2019-05-21 08:27:09.905500+00:00,1996
2019-05-21 08:27:10.544500+00:00,1997
2019-05-21 08:27:10.630500+00:00,1998
2019-05-21 08:27:11.475500+00:00,1999
2019-05-21 08:27:12.012500+00:00,2000
2019-05-21 08:27:12.531000+00:00,2001
2019-05-21 08:27:13.088000+00:00,2002
2019-05-21 08:27:13.881000+00:00,2003
2019-05-21 08:27:14.476000+00:00,2004
2019-05-21 08:27:15.059500+00:00,2005
2019-05-21 08:27:15.987500+00:00,2006
2019-05-21 08:27:16.489000+00:00,2007
2019-05-21 08:27:17.295500+00:00,2008
2019-05-21 08:27:17.855000+00:00,2009
2019-05-21 08:27:18.070000+00:00,2010
2019-05-21 08:27:18.151000+00:00,2011
2019-05-21 08:27:18.458000+00:00,2012
2019-05-21 08:27:18.936000+00:00,2013
2019-05-21 08:27:19.131000+00:00,2014
2019-05-21 08:27:19.224000+00:00,2015
2019-05-21 08:27:19.878500+00:00,2016
2019-05-21 08:27:20.151500+00:00,2017
2019-05-21 08:27:20.593000+00:00,2018
2019-05-21 08:27:20.995500+00:00,2019
2019-05-21 08:27:21.414500+00:00,2020
2019-05-21 08:27:21.815000+00:00,2021
2019-05-21 08:27:22.670500+00:00,2022
2019-05-21 08:27:22.756500+00:00,2023
2019-05-21 08:27:23.009000+00:00,2024
2019-05-21 08:27:24.873500+00:00,2025
2019-05-21 08:27:25.378500+00:00,2026
2019-05-21 08:27:26.262000+00:00,2027
2019-05-21 08:27:26.702500+00:00,2028
2019-05-21 08:27:27.107000+00:00,2029
2019-05-21 08:27:27.490500+00:00,2030
2019-05-21 08:27:27.975500+00:00,2031
2019-05-21 08:27:28.301000+00:00,2032
2019-05-21 08:27:28.873500+00:00,2033
2019-05-21 08:27:29.305500+00:00,2034
2019-05-21 08:27:29.742500+00:00,2035
2019-05-21 08:27:30.159000+00:00,2036
2019-05-21 08:27:30.603500+00:00,2037
2019-05-21 08:27:31.444500+00:00,2038
2019-05-21 08:27:31.931500+00:00,2039
2019-05-21 08:27:32.435500+00:00,2040
2019-05-21 08:27:32.797500+00:00,2041
2019-05-21 08:27:32.875500+00:00,2042
2019-05-21 08:27:33.298500+00:00,2043
2019-05-21 08:27:33.552500+00:00,2044
2019-05-21 08:27:33.629500+00:00,2045
2019-05-21 08:27:34.080500+00:00,2046
2019-05-21 08:27:34.157500+00:00,2047
2019-05-21 08:27:34.341500+00:00,2048
2019-05-21 08:27:34.886500+00:00,2049
2019-05-21 08:27:35.381500+00:00,2050
2019-05-21 08:27:35.822500+00:00,2051
2019-05-21 08:27:36.274000+00:00,2052
2019-05-21 08:27:36.619500+00:00,2053
2019-05-21 08:27:37.038500+00:00,2054
2019-05-21 08:27:37.354000+00:00,2055
2019-05-21 08:27:37.865500+00:00,2056
2019-05-21 08:27:38.599500+00:00,2057
2019-05-21 08:27:38.897500+00:00,2058
2019-05-21 08:27:38.973500+00:00,2059
2019-05-21 08:27:39.456000+00:00,2060
2019-05-21 08:27:39.590500+00:00,2061
2019-05-21 08:27:39.666500+00:00,2062
2019-05-21 08:27:40.268500+00:00,2063
2019-05-21 08:27:40.393500+00:00,2064
2019-05-21 08:27:40.995500+00:00,2065
2019-05-21 08:27:41.914000+00:00,2066
2019-05-21 08:27:42.166500+00:00,2067
2019-05-21 08:27:42.661000+00:00,2068
2019-05-21 08:27:43.413000+00:00,2069
2019-05-21 08:27:43.493000+00:00,2070
2019-05-21 08:27:43.660000+00:00,2071
2019-05-21 08:27:44.174000+00:00,2072
2019-05-21 08:27:44.254000+00:00,2073
2019-05-21 08:27:44.919500+00:00,2074
2019-05-21 08:27:45.185000+00:00,2075
2019-05-21 08:27:45.633000+00:00,2076
2019-05-21 08:27:45.722000+00:00,2077
2019-05-21 08:27:45.903000+00:00,2078
2019-05-21 08:27:46.515000+00:00,2079
2019-05-21 08:27:46.764000+00:00,2080
2019-05-21 08:27:47.243000+00:00,2081
2019-05-21 08:27:47.544000+00:00,2082
2019-05-21 08:27:48.002000+00:00,2083
2019-05-21 08:27:48.080000+00:00,2084
2019-05-21 08:27:48.187000+00:00,2085
2019-05-21 08:27:48.270000+00:00,2086
2019-05-21 08:27:48.792000+00:00,2087
2019-05-21 08:27:49.102000+00:00,2088
2019-05-21 08:27:49.641000+00:00,2089
2019-05-21 08:27:49.720000+00:00,2090
2019-05-21 08:27:49.842500+00:00,2091
2019-05-21 08:27:50.444000+00:00,2092
2019-05-21 08:27:51.035500+00:00,2093
2019-05-21 08:27:51.841000+00:00,2094
2019-05-21 08:27:52.106000+00:00,2095
2019-05-21 08:27:52.558000+00:00,2096
2019-05-21 08:27:52.634500+00:00,2097
2019-05-21 08:27:52.870000+00:00,2098
2019-05-21 08:27:53.385000+00:00,2099
2019-05-21 08:27:53.460000+00:00,2100
2019-05-21 08:27:53.675000+00:00,2101
2019-05-21 08:27:54.139000+00:00,2102
2019-05-21 08:27:54.423000+00:00,2103
2019-05-21 08:27:54.920500+00:00,2104
2019-05-21 08:27:55.213500+00:00,2105
2019-05-21 08:27:55.703500+00:00,2106
2019-05-21 08:27:56.219000+00:00,2107
2019-05-21 08:27:56.722000+00:00,2108
2019-05-21 08:27:57.494000+00:00,2109
2019-05-21 08:27:57.576000+00:00,2110
2019-05-21 08:28:00.198500+00:00,2111
2019-05-21 08:28:05.721500+00:00,2112
2019-05-21 08:28:06.623000+00:00,2113
2019-05-21 08:28:07.119000+00:00,2114
2019-05-21 08:28:07.794500+00:00,2115
2019-05-21 08:28:07.900500+00:00,2116
2019-05-21 08:28:08.497500+00:00,2117
2019-05-21 08:28:08.588000+00:00,2118
2019-05-21 08:28:09.164000+00:00,2119
2019-05-21 08:28:09.461500+00:00,2120
2019-05-21 08:28:09.872000+00:00,2121
2019-05-21 08:28:10.171000+00:00,2122
2019-05-21 08:28:10.588000+00:00,2123
2019-05-21 08:28:10.686000+00:00,2124
2019-05-21 08:28:11.460000+00:00,2125
2019-05-21 08:28:11.986000+00:00,2126
2019-05-21 08:28:13.175000+00:00,2127
2019-05-21 08:28:13.619000+00:00,2128
2019-05-21 08:28:14.447000+00:00,2129
2019-05-21 08:28:14.960000+00:00,2130
2019-05-21 08:28:15.906000+00:00,2131
2019-05-21 08:28:16.274000+00:00,2132
2019-05-21 08:28:16.774000+00:00,2133
2019-05-21 08:28:17.889500+00:00,2134
2019-05-21 08:28:18.778500+00:00,2135
2019-05-21 08:28:19.210500+00:00,2136
2019-05-21 08:28:19.630000+00:00,2137
2019-05-21 08:28:21.498500+00:00,2138
2019-05-21 08:28:21.894000+00:00,2139
2019-05-21 08:28:22.878500+00:00,2140
2019-05-21 08:28:23.668000+00:00,2141
2019-05-21 08:28:24.539500+00:00,2142
2019-05-21 08:28:24.997000+00:00,2143
2019-05-21 08:28:25.780500+00:00,2144
2019-05-21 08:28:25.929500+00:00,2145
2019-05-21 08:28:26.432500+00:00,2146
2019-05-21 08:28:27.276500+00:00,2147
2019-05-21 08:28:27.369500+00:00,2148
2019-05-21 08:28:27.896500+00:00,2149
2019-05-21 08:28:28.204500+00:00,2150
2019-05-21 08:28:28.752000+00:00,2151
2019-05-21 08:28:29.201000+00:00,2152
2019-05-21 08:28:30.044500+00:00,2153
2019-05-21 08:28:30.912500+00:00,2154
2019-05-21 08:28:31.306500+00:00,2155
2019-05-21 08:28:32.118500+00:00,2156
2019-05-21 08:28:32.921500+00:00,2157
2019-05-21 08:28:33.387000+00:00,2158
2019-05-21 08:28:34.283500+00:00,2159
2019-05-21 08:28:34.667500+00:00,2160
2019-05-21 08:28:35.023500+00:00,2161
2019-05-21 08:28:35.441500+00:00,2162
2019-05-21 08:28:35.860500+00:00,2163
2019-05-21 08:28:36.742000+00:00,2164
2019-05-21 08:28:37.727000+00:00,2165
2019-05-21 08:28:38.237500+00:00,2166
2019-05-21 08:28:38.665000+00:00,2167
2019-05-21 08:28:39.107000+00:00,2168
2019-05-21 08:28:39.556000+00:00,2169
2019-05-21 08:28:39.933000+00:00,2170
2019-05-21 08:28:40.506000+00:00,2171
2019-05-21 08:28:40.748000+00:00,2172
2019-05-21 08:28:41.371000+00:00,2173
2019-05-21 08:28:53.616000+00:00,2174
2019-05-21 08:28:54.138000+00:00,2175
2019-05-21 08:28:56.703000+00:00,2176
2019-05-21 08:28:57.756500+00:00,2177
2019-05-21 08:28:58.287500+00:00,2178
2019-05-21 08:28:58.615500+00:00,2179
2019-05-21 08:28:58.915500+00:00,2180
2019-05-21 08:28:59.208500+00:00,2181
2019-05-21 08:28:59.524500+00:00,2182
2019-05-21 08:29:00.068500+00:00,2183
2019-05-21 08:29:01.797000+00:00,2184
2019-05-21 08:29:02.391500+00:00,2185
2019-05-21 08:29:03.001000+00:00,2186
2019-05-21 08:29:03.603500+00:00,2187
2019-05-21 08:29:04.112500+00:00,2188
2019-05-21 08:29:04.191500+00:00,2189
2019-05-21 08:29:04.592000+00:00,2190
2019-05-21 08:29:04.680000+00:00,2191
2019-05-21 08:29:05.034000+00:00,2192
2019-05-21 08:29:05.511000+00:00,2193
2019-05-21 08:29:05.797500+00:00,2194
2019-05-21 08:29:06.046000+00:00,2195
2019-05-21 08:29:06.153000+00:00,2196
2019-05-21 08:29:06.591000+00:00,2197
2019-05-21 08:29:06.946500+00:00,2198
2019-05-21 08:29:07.525000+00:00,2199
2019-05-21 08:29:07.647500+00:00,2200
2019-05-21 08:29:08.226000+00:00,2201
2019-05-21 08:29:08.996000+00:00,2202
2019-05-21 08:29:13.082500+00:00,2203
2019-05-21 08:29:14.768500+00:00,2204
2019-05-21 08:29:15.213000+00:00,2205
2019-05-21 08:29:16.684500+00:00,2206
2019-05-21 08:29:17.032500+00:00,2207
2019-05-21 08:29:17.570000+00:00,2208
2019-05-21 08:29:17.737000+00:00,2209
2019-05-21 08:29:18.354000+00:00,2210
2019-05-21 08:29:18.628000+00:00,2211
2019-05-21 08:29:19.160500+00:00,2212
2019-05-21 08:29:19.730000+00:00,2213
2019-05-21 08:29:20.381500+00:00,2214
2019-05-21 08:29:20.920000+00:00,2215
2019-05-21 08:29:21.821500+00:00,2216
2019-05-21 08:29:22.305000+00:00,2217
2019-05-21 08:29:22.719000+00:00,2218
2019-05-21 08:29:24.616500+00:00,2219
2019-05-21 08:29:25.382500+00:00,2220
2019-05-21 08:29:32.017500+00:00,2221
2019-05-21 08:29:34.762500+00:00,2222
2019-05-21 08:30:32.393500+00:00,2223
2019-05-21 08:30:33.263000+00:00,2224
2019-05-21 08:30:59.683500+00:00,2225
2019-05-21 08:31:02.875000+00:00,2226
2019-05-21 08:31:05.486500+00:00,2227
2019-05-21 08:31:09.238000+00:00,2228
2019-05-21 08:31:09.893000+00:00,2229
2019-05-21 08:31:12.433000+00:00,2230
2019-05-21 08:31:18.665500+00:00,2231
2019-05-21 08:31:19.383500+00:00,2232
2019-05-21 08:31:20.435500+00:00,2233
2019-05-21 08:31:22.911000+00:00,2234
2019-05-21 08:31:24.041500+00:00,2235
2019-05-21 08:31:25.190000+00:00,2236
2019-05-21 08:31:25.854500+00:00,2237
2019-05-21 08:31:27.167500+00:00,2238
2019-05-21 08:31:46.871000+00:00,2239
2019-05-21 08:31:47.206000+00:00,2240
2019-05-21 08:31:47.603500+00:00,2241
2019-05-21 08:31:48.180000+00:00,2242
2019-05-21 08:31:48.924500+00:00,2243
2019-05-21 08:31:49.593000+00:00,2244
2019-05-21 08:31:49.670000+00:00,2245
2019-05-21 08:31:50.266500+00:00,2246
2019-05-21 08:31:51.338500+00:00,2247
2019-05-21 08:31:53.082000+00:00,2248
2019-05-21 08:31:53.759500+00:00,2249
2019-05-21 08:31:54.111500+00:00,2250
2019-05-21 08:31:54.582000+00:00,2251
2019-05-21 08:31:56.703500+00:00,2252
2019-05-21 08:31:57.425500+00:00,2253
2019-05-21 08:31:57.601000+00:00,2254
2019-05-21 08:32:03.235500+00:00,2255
2019-05-21 08:32:03.823500+00:00,2256
2019-05-21 08:32:07.421000+00:00,2257
2019-05-21 08:32:08.673500+00:00,2258
2019-05-21 08:32:09.201000+00:00,2259
2019-05-21 08:32:09.735000+00:00,2260
2019-05-21 08:32:10.290000+00:00,2261
2019-05-21 08:32:10.797000+00:00,2262
2019-05-21 08:32:12.194000+00:00,2263
2019-05-21 08:32:12.558500+00:00,2264
2019-05-21 08:32:15.012500+00:00,2265
2019-05-21 08:32:15.397000+00:00,2266
2019-05-21 08:32:17.739000+00:00,2267
2019-05-21 08:32:19.146500+00:00,2268
2019-05-21 08:32:20.249500+00:00,2269
2019-05-21 08:32:20.604500+00:00,2270
2019-05-21 08:32:22.432500+00:00,2271
2019-05-21 08:32:22.903500+00:00,2272
2019-05-21 08:32:25.985500+00:00,2273
2019-05-21 08:32:27.421000+00:00,2274
2019-05-21 08:32:28.240500+00:00,2275
2019-05-21 08:32:28.606000+00:00,2276
2019-05-21 08:32:29.055500+00:00,2277
2019-05-21 08:32:29.896500+00:00,2278
2019-05-21 08:32:30.642500+00:00,2279
2019-05-21 08:32:32.726500+00:00,2280
2019-05-21 08:32:33.971500+00:00,2281
2019-05-21 08:32:35.347000+00:00,2282
2019-05-21 08:32:35.827500+00:00,2283
2019-05-21 08:32:36.328000+00:00,2284
2019-05-21 08:32:37.282000+00:00,2285
2019-05-21 08:32:38.098000+00:00,2286
2019-05-21 08:32:38.865000+00:00,2287
2019-05-21 08:32:39.108000+00:00,2288
2019-05-21 08:32:39.692500+00:00,2289
2019-05-21 08:32:40.018500+00:00,2290
2019-05-21 08:32:41.906000+00:00,2291
2019-05-21 08:32:42.558000+00:00,2292
2019-05-21 08:32:43.052000+00:00,2293
2019-05-21 08:32:43.318000+00:00,2294
2019-05-21 08:32:45.092000+00:00,2295
2019-05-21 08:32:46.140000+00:00,2296
2019-05-21 08:32:46.506500+00:00,2297
2019-05-21 08:32:50.382500+00:00,2298
2019-05-21 08:32:51.336500+00:00,2299
2019-05-21 08:32:51.793500+00:00,2300
2019-05-21 08:32:53.310500+00:00,2301
2019-05-21 08:32:56.623500+00:00,2302
2019-05-21 08:32:58.789500+00:00,2303
2019-05-21 08:32:59.713500+00:00,2304
2019-05-21 08:33:03.452000+00:00,2305
2019-05-21 08:34:38.664000+00:00,2306
2019-05-21 08:34:39.131000+00:00,2307
2019-05-21 08:34:39.534000+00:00,2308
2019-05-21 08:34:40.019000+00:00,2309
2019-05-21 08:34:41.387500+00:00,2310
2019-05-21 08:34:41.480500+00:00,2311
2019-05-21 08:34:46.955000+00:00,2312
2019-05-21 08:34:47.439500+00:00,2313
2019-05-21 08:34:47.874500+00:00,2314
2019-05-21 08:34:48.321500+00:00,2315
2019-05-21 08:34:48.768500+00:00,2316
2019-05-21 08:34:49.224000+00:00,2317
2019-05-21 08:34:49.697000+00:00,2318
2019-05-21 08:34:50.047500+00:00,2319
2019-05-21 08:34:50.575000+00:00,2320
2019-05-21 08:34:50.660000+00:00,2321
2019-05-21 08:34:51.164000+00:00,2322
2019-05-21 08:34:51.333500+00:00,2323
2019-05-21 08:34:55.376500+00:00,2324
2019-05-21 08:34:56.088500+00:00,2325
2019-05-21 08:34:57.280500+00:00,2326
2019-05-21 08:34:57.377500+00:00,2327
2019-05-21 08:34:58.249500+00:00,2328
2019-05-21 08:34:59.295500+00:00,2329
2019-05-21 08:34:59.382500+00:00,2330
2019-05-21 08:34:59.685500+00:00,2331
2019-05-21 08:35:00.232500+00:00,2332
2019-05-21 08:35:00.323500+00:00,2333
2019-05-21 08:35:00.404500+00:00,2334
2019-05-21 08:35:00.951500+00:00,2335
2019-05-21 08:35:01.046500+00:00,2336
2019-05-21 08:35:01.686000+00:00,2337
2019-05-21 08:35:02.307500+00:00,2338
2019-05-21 08:35:02.872500+00:00,2339
2019-05-21 08:35:03.292500+00:00,2340
2019-05-21 08:35:03.699000+00:00,2341
2019-05-21 08:35:04.118000+00:00,2342
2019-05-21 08:35:04.982500+00:00,2343
2019-05-21 08:35:05.543000+00:00,2344
2019-05-21 08:35:06.167000+00:00,2345
2019-05-21 08:35:06.281000+00:00,2346
2019-05-21 08:35:06.882000+00:00,2347
2019-05-21 08:35:06.962000+00:00,2348
2019-05-21 08:35:07.396000+00:00,2349
2019-05-21 08:35:07.496000+00:00,2350
2019-05-21 08:35:07.799000+00:00,2351
2019-05-21 08:35:08.184000+00:00,2352
2019-05-21 08:35:08.981000+00:00,2353
2019-05-21 08:35:09.599000+00:00,2354
2019-05-21 08:35:10.341000+00:00,2355
2019-05-21 08:35:11.105000+00:00,2356
2019-05-21 08:35:11.797000+00:00,2357
2019-05-21 08:35:11.921000+00:00,2358
2019-05-21 08:35:12.205000+00:00,2359
2019-05-21 08:35:12.654000+00:00,2360
2019-05-21 08:35:12.944000+00:00,2361
2019-05-21 08:35:13.376000+00:00,2362
2019-05-21 08:35:13.757500+00:00,2363
2019-05-21 08:35:14.231500+00:00,2364
2019-05-21 08:35:14.538000+00:00,2365
2019-05-21 08:35:15.072500+00:00,2366
2019-05-21 08:35:15.928500+00:00,2367
2019-05-21 08:35:16.416000+00:00,2368
2019-05-21 08:35:16.963000+00:00,2369
2019-05-21 08:35:17.245000+00:00,2370
2019-05-21 08:35:17.770000+00:00,2371
2019-05-21 08:35:17.863500+00:00,2372
2019-05-21 08:35:18.412000+00:00,2373
2019-05-21 08:35:18.515000+00:00,2374
2019-05-21 08:35:19.298500+00:00,2375
2019-05-21 08:35:19.741000+00:00,2376
2019-05-21 08:35:20.106000+00:00,2377
2019-05-21 08:35:20.536500+00:00,2378
2019-05-21 08:35:20.979500+00:00,2379
2019-05-21 08:35:21.854500+00:00,2380
2019-05-21 08:35:22.319500+00:00,2381
2019-05-21 08:35:22.644500+00:00,2382
2019-05-21 08:35:23.697000+00:00,2383
2019-05-21 08:35:24.118500+00:00,2384
2019-05-21 08:35:24.987500+00:00,2385
2019-05-21 08:35:25.511500+00:00,2386
2019-05-21 08:35:25.938500+00:00,2387
2019-05-21 08:35:26.339500+00:00,2388
2019-05-21 08:35:27.822000+00:00,2389
2019-05-21 08:35:27.947000+00:00,2390
2019-05-21 08:35:28.244500+00:00,2391
2019-05-21 08:35:28.841500+00:00,2392
2019-05-21 08:35:29.380500+00:00,2393
2019-05-21 08:35:29.872500+00:00,2394
2019-05-21 08:35:30.233000+00:00,2395
2019-05-21 08:35:30.670500+00:00,2396
2019-05-21 08:35:30.944500+00:00,2397
2019-05-21 08:35:31.417500+00:00,2398
2019-05-21 08:35:31.517000+00:00,2399
2019-05-21 08:35:32.096500+00:00,2400
2019-05-21 08:35:32.171500+00:00,2401
2019-05-21 08:35:32.475000+00:00,2402
2019-05-21 08:35:33.087500+00:00,2403
2019-05-21 08:35:33.164500+00:00,2404
2019-05-21 08:35:33.828500+00:00,2405
2019-05-21 08:35:34.444000+00:00,2406
2019-05-21 08:35:35.296000+00:00,2407
2019-05-21 08:35:35.723500+00:00,2408
2019-05-21 08:35:36.038000+00:00,2409
2019-05-21 08:35:36.113000+00:00,2410
2019-05-21 08:35:36.985500+00:00,2411
2019-05-21 08:35:38.344500+00:00,2412
2019-05-21 08:35:38.699000+00:00,2413
2019-05-21 08:35:39.196000+00:00,2414
2019-05-21 08:35:39.485000+00:00,2415
2019-05-21 08:35:39.917000+00:00,2416
2019-05-21 08:35:40.349500+00:00,2417
2019-05-21 08:35:40.825000+00:00,2418
2019-05-21 08:35:41.352000+00:00,2419
2019-05-21 08:35:42.225500+00:00,2420
2019-05-21 08:35:46.308000+00:00,2421
2019-05-21 08:35:46.860000+00:00,2422
2019-05-21 08:35:46.963000+00:00,2423
2019-05-21 08:35:47.293000+00:00,2424
2019-05-21 08:35:47.373500+00:00,2425
2019-05-21 08:35:47.696500+00:00,2426
2019-05-21 08:35:48.213500+00:00,2427
2019-05-21 08:35:48.310500+00:00,2428
2019-05-21 08:35:48.393000+00:00,2429
2019-05-21 08:35:48.714500+00:00,2430
2019-05-21 08:35:49.207500+00:00,2431
2019-05-21 08:35:49.287500+00:00,2432
2019-05-21 08:35:49.365500+00:00,2433
2019-05-21 08:35:49.741000+00:00,2434
2019-05-21 08:35:49.818000+00:00,2435
2019-05-21 08:35:50.283500+00:00,2436
2019-05-21 08:35:50.361500+00:00,2437
2019-05-21 08:35:50.628500+00:00,2438
2019-05-21 08:35:51.181500+00:00,2439
2019-05-21 08:35:51.270500+00:00,2440
2019-05-21 08:35:51.891000+00:00,2441
2019-05-21 08:35:52.375500+00:00,2442
2019-05-21 08:35:52.914500+00:00,2443
2019-05-21 08:35:53.306500+00:00,2444
2019-05-21 08:35:53.826500+00:00,2445
2019-05-21 08:35:54.309500+00:00,2446
2019-05-21 08:35:54.645000+00:00,2447
2019-05-21 08:35:55.515500+00:00,2448
2019-05-21 08:35:55.591500+00:00,2449
2019-05-21 08:35:55.967000+00:00,2450
2019-05-21 08:35:56.723500+00:00,2451
2019-05-21 08:35:57.241500+00:00,2452
2019-05-21 08:35:57.508000+00:00,2453
2019-05-21 08:35:58.040500+00:00,2454
2019-05-21 08:35:58.115500+00:00,2455
2019-05-21 08:35:58.401000+00:00,2456
2019-05-21 08:35:58.826500+00:00,2457
2019-05-21 08:35:59.184500+00:00,2458
2019-05-21 08:35:59.674000+00:00,2459
2019-05-21 08:36:00.138500+00:00,2460
2019-05-21 08:36:00.564000+00:00,2461
2019-05-21 08:36:01.036000+00:00,2462
2019-05-21 08:36:01.350500+00:00,2463
2019-05-21 08:36:01.783500+00:00,2464
2019-05-21 08:36:02.459000+00:00,2465
2019-05-21 08:36:02.547000+00:00,2466
2019-05-21 08:36:02.780500+00:00,2467
2019-05-21 08:36:02.871500+00:00,2468
2019-05-21 08:36:03.023000+00:00,2469
2019-05-21 08:36:03.438000+00:00,2470
2019-05-21 08:36:03.692000+00:00,2471
2019-05-21 08:36:04.119000+00:00,2472
2019-05-21 08:36:04.506500+00:00,2473
2019-05-21 08:36:06.154000+00:00,2474
2019-05-21 08:36:06.655000+00:00,2475
2019-05-21 08:36:07.063500+00:00,2476
2019-05-21 08:36:07.943000+00:00,2477
2019-05-21 08:36:08.323000+00:00,2478
2019-05-21 08:36:08.670000+00:00,2479
2019-05-21 08:36:09.093000+00:00,2480
2019-05-21 08:36:09.240000+00:00,2481
2019-05-21 08:36:09.741500+00:00,2482
2019-05-21 08:36:09.819500+00:00,2483
2019-05-21 08:36:10.084000+00:00,2484
2019-05-21 08:36:10.587000+00:00,2485
2019-05-21 08:36:11.232500+00:00,2486
2019-05-21 08:36:11.434000+00:00,2487
2019-05-21 08:36:11.521000+00:00,2488
2019-05-21 08:36:11.597000+00:00,2489
2019-05-21 08:36:12.206000+00:00,2490
2019-05-21 08:36:12.543500+00:00,2491
2019-05-21 08:36:13.037000+00:00,2492
2019-05-21 08:36:13.802000+00:00,2493
2019-05-21 08:36:13.899000+00:00,2494
2019-05-21 08:36:15.335000+00:00,2495
2019-05-21 08:36:15.680000+00:00,2496
2019-05-21 08:36:16.233500+00:00,2497
2019-05-21 08:36:16.555000+00:00,2498
2019-05-21 08:36:17.720500+00:00,2499
2019-05-21 08:36:18.094500+00:00,2500
2019-05-21 08:36:18.268500+00:00,2501
2019-05-21 08:36:18.645500+00:00,2502
2019-05-21 08:36:18.909500+00:00,2503
2019-05-21 08:36:19.711500+00:00,2504
2019-05-21 08:36:19.837500+00:00,2505
2019-05-21 08:36:20.406500+00:00,2506
2019-05-21 08:36:20.481500+00:00,2507
2019-05-21 08:36:20.991500+00:00,2508
2019-05-21 08:36:21.295500+00:00,2509
2019-05-21 08:36:21.403000+00:00,2510
2019-05-21 08:36:21.512500+00:00,2511
2019-05-21 08:36:22.023500+00:00,2512
2019-05-21 08:36:22.136500+00:00,2513
2019-05-21 08:36:22.242500+00:00,2514
2019-05-21 08:36:22.823000+00:00,2515
2019-05-21 08:36:22.929500+00:00,2516
2019-05-21 08:36:23.178500+00:00,2517
2019-05-21 08:36:23.323000+00:00,2518
2019-05-21 08:36:24.281500+00:00,2519
2019-05-21 08:36:24.660000+00:00,2520
2019-05-21 08:36:24.990500+00:00,2521
2019-05-21 08:36:25.421500+00:00,2522
2019-05-21 08:36:25.744500+00:00,2523
2019-05-21 08:36:26.283000+00:00,2524
2019-05-21 08:36:26.707500+00:00,2525
2019-05-21 08:36:27.150500+00:00,2526
2019-05-21 08:36:27.618000+00:00,2527
2019-05-21 08:36:28.504500+00:00,2528
2019-05-21 08:36:28.963500+00:00,2529
2019-05-21 08:36:29.779000+00:00,2530
2019-05-21 08:36:29.858000+00:00,2531
2019-05-21 08:36:30.331000+00:00,2532
2019-05-21 08:36:30.412000+00:00,2533
2019-05-21 08:36:30.489000+00:00,2534
2019-05-21 08:36:30.941000+00:00,2535
2019-05-21 08:36:31.299000+00:00,2536
2019-05-21 08:36:31.764000+00:00,2537
2019-05-21 08:36:32.113500+00:00,2538
2019-05-21 08:36:32.189500+00:00,2539
2019-05-21 08:36:32.621000+00:00,2540
2019-05-21 08:36:33.374000+00:00,2541
2019-05-21 08:36:33.479000+00:00,2542
2019-05-21 08:36:33.914000+00:00,2543
2019-05-21 08:36:33.993000+00:00,2544
2019-05-21 08:36:34.619000+00:00,2545
2019-05-21 08:36:34.697000+00:00,2546
2019-05-21 08:36:34.891000+00:00,2547
2019-05-21 08:36:35.007000+00:00,2548
2019-05-21 08:36:35.405000+00:00,2549
2019-05-21 08:36:35.717000+00:00,2550
2019-05-21 08:36:35.802000+00:00,2551
2019-05-21 08:36:36.272000+00:00,2552
2019-05-21 08:36:36.351000+00:00,2553
2019-05-21 08:36:36.443500+00:00,2554
2019-05-21 08:36:36.921000+00:00,2555
2019-05-21 08:36:37.018000+00:00,2556
2019-05-21 08:36:37.348000+00:00,2557
2019-05-21 08:36:38.142500+00:00,2558
2019-05-21 08:36:38.263500+00:00,2559
2019-05-21 08:36:38.776000+00:00,2560
2019-05-21 08:36:39.049000+00:00,2561
2019-05-21 08:36:39.128000+00:00,2562
2019-05-21 08:36:39.559000+00:00,2563
2019-05-21 08:36:39.636000+00:00,2564
2019-05-21 08:36:40.161500+00:00,2565
2019-05-21 08:36:41.046000+00:00,2566
2019-05-21 08:36:41.137000+00:00,2567
2019-05-21 08:36:41.797500+00:00,2568
2019-05-21 08:36:42.491500+00:00,2569
2019-05-21 08:36:42.742500+00:00,2570
2019-05-21 08:36:42.842500+00:00,2571
2019-05-21 08:36:43.312500+00:00,2572
2019-05-21 08:36:43.622500+00:00,2573
2019-05-21 08:36:44.154000+00:00,2574
2019-05-21 08:36:44.597000+00:00,2575
2019-05-21 08:36:45.014000+00:00,2576
2019-05-21 08:36:46.273500+00:00,2577
2019-05-21 08:36:46.767500+00:00,2578
2019-05-21 08:36:46.855500+00:00,2579
2019-05-21 08:36:47.576500+00:00,2580
2019-05-21 08:36:47.651500+00:00,2581
2019-05-21 08:36:48.397500+00:00,2582
2019-05-21 08:36:48.485000+00:00,2583
2019-05-21 08:36:48.661000+00:00,2584
2019-05-21 08:36:49.332000+00:00,2585
2019-05-21 08:36:49.429000+00:00,2586
2019-05-21 08:36:49.549000+00:00,2587
2019-05-21 08:36:50.109500+00:00,2588
2019-05-21 08:36:50.197500+00:00,2589
2019-05-21 08:36:50.410500+00:00,2590
2019-05-21 08:36:50.820500+00:00,2591
2019-05-21 08:36:51.116500+00:00,2592
2019-05-21 08:36:51.199500+00:00,2593
2019-05-21 08:36:52.093000+00:00,2594
2019-05-21 08:36:52.199000+00:00,2595
2019-05-21 08:36:52.496500+00:00,2596
2019-05-21 08:36:52.916000+00:00,2597
2019-05-21 08:36:55.302500+00:00,2598
2019-05-21 08:36:56.139000+00:00,2599
2019-05-21 08:36:56.598500+00:00,2600
2019-05-21 08:37:02.731000+00:00,2601
2019-05-21 08:37:02.810000+00:00,2602
2019-05-21 08:37:02.911000+00:00,2603
2019-05-21 08:37:03.469000+00:00,2604
2019-05-21 08:37:03.554000+00:00,2605
2019-05-21 08:37:03.949500+00:00,2606
2019-05-21 08:37:04.040500+00:00,2607
2019-05-21 08:37:04.424500+00:00,2608
2019-05-21 08:37:04.507500+00:00,2609
2019-05-21 08:37:04.863000+00:00,2610
2019-05-21 08:37:04.966500+00:00,2611
2019-05-21 08:37:05.295000+00:00,2612
2019-05-21 08:37:05.372000+00:00,2613
2019-05-21 08:37:06.052000+00:00,2614
2019-05-21 08:37:06.128000+00:00,2615
2019-05-21 08:37:06.673500+00:00,2616
2019-05-21 08:37:06.807000+00:00,2617
2019-05-21 08:37:07.402000+00:00,2618
2019-05-21 08:37:07.507000+00:00,2619
2019-05-21 08:37:07.900500+00:00,2620
2019-05-21 08:37:07.989000+00:00,2621
2019-05-21 08:37:08.272000+00:00,2622
2019-05-21 08:37:08.728000+00:00,2623
2019-05-21 08:37:08.825000+00:00,2624
2019-05-21 08:37:08.993000+00:00,2625
2019-05-21 08:37:09.580500+00:00,2626
2019-05-21 08:37:09.744500+00:00,2627
2019-05-21 08:37:10.294000+00:00,2628
2019-05-21 08:37:10.387000+00:00,2629
2019-05-21 08:37:10.470000+00:00,2630
2019-05-21 08:37:11.062500+00:00,2631
2019-05-21 08:37:11.146500+00:00,2632
2019-05-21 08:37:11.239500+00:00,2633
2019-05-21 08:37:11.405000+00:00,2634
2019-05-21 08:37:11.512500+00:00,2635
2019-05-21 08:37:11.842500+00:00,2636
2019-05-21 08:37:11.920500+00:00,2637
2019-05-21 08:37:12.012500+00:00,2638
2019-05-21 08:37:12.171500+00:00,2639
2019-05-21 08:37:12.627500+00:00,2640
2019-05-21 08:37:12.726500+00:00,2641
2019-05-21 08:37:13.478500+00:00,2642
2019-05-21 08:37:14.167500+00:00,2643
2019-05-21 08:37:14.268500+00:00,2644
2019-05-21 08:37:14.506500+00:00,2645
2019-05-21 08:37:15.000500+00:00,2646
2019-05-21 08:37:15.085500+00:00,2647
2019-05-21 08:37:15.777500+00:00,2648
2019-05-21 08:37:15.859500+00:00,2649
2019-05-21 08:37:15.957500+00:00,2650
2019-05-21 08:37:16.071000+00:00,2651
2019-05-21 08:37:16.155500+00:00,2652
2019-05-21 08:37:17.090500+00:00,2653
2019-05-21 08:37:17.175500+00:00,2654
2019-05-21 08:37:17.565500+00:00,2655
2019-05-21 08:37:17.648500+00:00,2656
2019-05-21 08:37:17.747500+00:00,2657
2019-05-21 08:37:18.301500+00:00,2658
2019-05-21 08:37:18.383500+00:00,2659
2019-05-21 08:37:18.614000+00:00,2660
2019-05-21 08:37:18.767000+00:00,2661
2019-05-21 08:37:19.192500+00:00,2662
2019-05-21 08:37:19.357500+00:00,2663
2019-05-21 08:37:19.543000+00:00,2664
2019-05-21 08:37:20.018500+00:00,2665
2019-05-21 08:37:20.130500+00:00,2666
2019-05-21 08:37:20.353500+00:00,2667
2019-05-21 08:37:20.800500+00:00,2668
2019-05-21 08:37:20.886500+00:00,2669
2019-05-21 08:37:21.612000+00:00,2670
2019-05-21 08:37:21.700000+00:00,2671
2019-05-21 08:37:21.782500+00:00,2672
2019-05-21 08:37:21.880000+00:00,2673
2019-05-21 08:37:21.962000+00:00,2674
2019-05-21 08:37:22.426000+00:00,2675
2019-05-21 08:37:22.513000+00:00,2676
2019-05-21 08:37:23.102000+00:00,2677
2019-05-21 08:37:23.223000+00:00,2678
2019-05-21 08:37:23.371000+00:00,2679
2019-05-21 08:37:23.515000+00:00,2680
2019-05-21 08:37:23.907000+00:00,2681
2019-05-21 08:37:24.082000+00:00,2682
2019-05-21 08:37:24.679000+00:00,2683
2019-05-21 08:37:24.799000+00:00,2684
2019-05-21 08:37:25.009000+00:00,2685
2019-05-21 08:37:25.094000+00:00,2686
2019-05-21 08:37:25.537500+00:00,2687
2019-05-21 08:37:25.903500+00:00,2688
2019-05-21 08:37:26.302000+00:00,2689
2019-05-21 08:37:26.530000+00:00,2690
2019-05-21 08:37:26.598500+00:00,2691
2019-05-21 08:37:26.694000+00:00,2692
2019-05-21 08:37:26.843000+00:00,2693
2019-05-21 08:37:27.069000+00:00,2694
2019-05-21 08:37:27.168000+00:00,2695
2019-05-21 08:37:27.589000+00:00,2696
2019-05-21 08:37:28.139000+00:00,2697
2019-05-21 08:37:28.240000+00:00,2698
2019-05-21 08:37:28.323000+00:00,2699
2019-05-21 08:37:28.671000+00:00,2700
2019-05-21 08:37:28.756000+00:00,2701
2019-05-21 08:37:28.925000+00:00,2702
2019-05-21 08:37:29.007000+00:00,2703
2019-05-21 08:37:29.719000+00:00,2704
2019-05-21 08:37:30.215000+00:00,2705
2019-05-21 08:37:30.705000+00:00,2706
2019-05-21 08:37:30.787000+00:00,2707
2019-05-21 08:37:31.301000+00:00,2708
2019-05-21 08:37:31.405000+00:00,2709
2019-05-21 08:37:31.562000+00:00,2710
2019-05-21 08:37:32.131500+00:00,2711
2019-05-21 08:37:32.211500+00:00,2712
2019-05-21 08:37:32.919000+00:00,2713
2019-05-21 08:37:33.041000+00:00,2714
2019-05-21 08:37:33.573500+00:00,2715
2019-05-21 08:37:34.621500+00:00,2716
2019-05-21 08:37:38.204500+00:00,2717
2019-05-21 08:37:39.860500+00:00,2718
2019-05-21 08:37:40.086000+00:00,2719
2019-05-21 08:37:40.180000+00:00,2720
2019-05-21 08:37:40.684000+00:00,2721
2019-05-21 08:37:40.775000+00:00,2722
2019-05-21 08:37:40.921500+00:00,2723
2019-05-21 08:37:41.412500+00:00,2724
2019-05-21 08:37:41.488500+00:00,2725
2019-05-21 08:37:41.725500+00:00,2726
2019-05-21 08:37:42.221500+00:00,2727
2019-05-21 08:37:42.306500+00:00,2728
2019-05-21 08:37:42.528000+00:00,2729
2019-05-21 08:37:42.958000+00:00,2730
2019-05-21 08:37:43.057000+00:00,2731
2019-05-21 08:37:43.159000+00:00,2732
2019-05-21 08:37:43.258000+00:00,2733
2019-05-21 08:37:43.323000+00:00,2734
2019-05-21 08:37:43.460000+00:00,2735
2019-05-21 08:37:43.635000+00:00,2736
2019-05-21 08:37:43.816500+00:00,2737
2019-05-21 08:37:44.690500+00:00,2738
2019-05-21 08:37:45.939500+00:00,2739
2019-05-21 08:37:46.852500+00:00,2740
2019-05-21 08:37:46.944000+00:00,2741
2019-05-21 08:37:47.039000+00:00,2742
2019-05-21 08:37:48.473500+00:00,2743
2019-05-21 08:37:48.550500+00:00,2744
2019-05-21 08:37:49.326500+00:00,2745
2019-05-21 08:37:49.414500+00:00,2746
2019-07-07 08:46:29.862999+00:00,2747
2019-07-07 08:46:52.610999+00:00,2748
2019-07-07 08:46:58.428999+00:00,2749
2019-07-07 08:48:13.717999+00:00,2750
2019-07-07 08:48:13.848999+00:00,2751
2019-07-07 08:48:23.422999+00:00,2752
2019-07-07 08:48:25.989499+00:00,2753
2019-07-07 08:48:27.471999+00:00,2754
2019-07-07 08:48:28.950999+00:00,2755
2019-07-07 08:48:35.686999+00:00,2756
2019-07-07 08:48:37.970999+00:00,2757
2019-07-07 08:48:38.557999+00:00,2758
2019-07-07 08:48:41.188999+00:00,2759
2019-07-07 08:48:42.811999+00:00,2760
2019-07-07 08:48:44.134999+00:00,2761
2019-07-07 08:48:48.763999+00:00,2762
2019-07-07 08:48:50.425999+00:00,2763
2019-07-07 08:48:54.638999+00:00,2764
2019-07-07 08:49:03.559999+00:00,2765
2019-07-07 08:49:08.823999+00:00,2766
2019-07-07 08:49:14.014999+00:00,2767
2019-07-07 08:49:17.925999+00:00,2768
2019-07-07 08:49:18.834999+00:00,2769
2019-07-07 08:49:20.165999+00:00,2770
2019-07-07 08:49:22.863999+00:00,2771
2019-07-07 08:49:23.698999+00:00,2772
2019-07-07 08:49:26.574999+00:00,2773
2019-07-07 08:52:53.396999+00:00,2774
2019-07-07 08:57:34.483999+00:00,2775
2019-07-07 08:59:18.680999+00:00,2776
2019-07-07 08:59:56.032999+00:00,2777
2019-07-07 08:59:56.972999+00:00,2778
2019-07-07 08:59:57.115999+00:00,2779
2019-07-07 09:00:05.423999+00:00,2780
2019-07-07 09:00:06.140999+00:00,2781
2019-07-07 09:00:06.231999+00:00,2782
2019-07-07 09:00:22.454999+00:00,2783
2019-07-07 09:00:22.543999+00:00,2784
2019-07-07 09:00:27.127999+00:00,2785
2019-07-07 09:00:28.569999+00:00,2786
2019-07-07 09:00:42.102999+00:00,2787
2019-07-07 09:00:42.829999+00:00,2788
2019-07-07 09:00:47.599999+00:00,2789
2019-07-07 09:00:47.677999+00:00,2790
2019-07-07 09:00:48.399999+00:00,2791
2019-07-07 09:00:48.563999+00:00,2792
2019-07-07 09:00:49.414999+00:00,2793
2019-07-07 09:00:51.192999+00:00,2794
2019-07-07 09:00:53.187999+00:00,2795
2019-07-07 09:00:54.222999+00:00,2796
2019-07-07 09:00:55.765999+00:00,2797
2019-07-07 09:00:57.098999+00:00,2798
2019-07-07 09:00:57.184999+00:00,2799
2019-07-07 09:00:57.858999+00:00,2800
2019-07-07 09:00:58.184999+00:00,2801
2019-07-07 09:00:59.735999+00:00,2802
2019-07-07 09:01:00.092999+00:00,2803
2019-07-07 09:01:03.037999+00:00,2804
2019-07-07 09:01:04.118999+00:00,2805
2019-07-07 09:01:05.272999+00:00,2806
2019-07-07 09:01:06.832999+00:00,2807
2019-07-07 09:01:07.073499+00:00,2808
2019-07-07 09:01:07.799999+00:00,2809
2019-07-07 09:01:08.308998+00:00,2810
2019-07-07 09:01:08.768999+00:00,2811
2019-07-07 09:01:09.512999+00:00,2812
2019-07-07 09:01:11.833999+00:00,2813
2019-07-07 09:01:12.892999+00:00,2814
2019-07-07 09:01:12.976999+00:00,2815
2019-07-07 09:01:13.154999+00:00,2816
2019-07-07 09:01:41.305999+00:00,2817
2019-07-07 09:01:41.580999+00:00,2818
2019-07-07 09:01:55.089499+00:00,2819
2019-07-07 09:01:55.979499+00:00,2820
2019-07-07 09:01:56.706999+00:00,2821
2019-07-07 09:01:56.961499+00:00,2822
2019-07-07 09:01:58.612499+00:00,2823
2019-07-07 09:01:58.860999+00:00,2824
2019-07-07 09:01:59.950999+00:00,2825
2019-07-07 09:02:00.220999+00:00,2826
2019-07-07 09:02:20.599999+00:00,2827
2019-07-07 09:02:21.956999+00:00,2828
2019-07-07 09:02:24.350999+00:00,2829
2019-07-07 09:02:25.757999+00:00,2830
2019-07-07 09:02:26.539999+00:00,2831
2019-07-07 09:02:26.856499+00:00,2832
2019-07-07 09:02:28.103998+00:00,2833
2019-07-07 09:02:29.469999+00:00,2834
2019-07-07 09:02:30.826999+00:00,2835
2019-07-07 09:02:31.410999+00:00,2836
2019-07-07 09:02:32.256999+00:00,2837
2019-07-07 09:02:33.874999+00:00,2838
2019-07-07 09:02:34.545499+00:00,2839
2019-07-07 09:02:58.710999+00:00,2840
2019-07-07 09:03:00.119499+00:00,2841
2019-07-07 09:03:00.275499+00:00,2842
2019-07-07 09:03:02.489999+00:00,2843
2019-07-07 09:03:02.785498+00:00,2844
2019-07-07 09:03:03.523999+00:00,2845
2019-07-07 09:03:04.323999+00:00,2846
2019-07-07 09:03:08.634499+00:00,2847
2019-07-07 09:03:12.378999+00:00,2848
2019-07-07 09:03:14.180999+00:00,2849
2019-07-07 09:03:16.515499+00:00,2850
2019-07-07 09:03:19.502499+00:00,2851
2019-07-07 09:03:19.939999+00:00,2852
2019-07-07 09:03:20.926999+00:00,2853
2019-07-07 09:03:21.807999+00:00,2854
2019-07-07 09:03:21.951999+00:00,2855
2019-07-07 09:03:22.593999+00:00,2856
2019-07-07 09:03:23.449999+00:00,2857
2019-07-07 09:03:24.093499+00:00,2858
2019-07-07 09:03:24.231499+00:00,2859
2019-07-07 09:03:24.302499+00:00,2860
2019-07-07 09:03:25.251499+00:00,2861
2019-07-07 09:03:25.577499+00:00,2862
2019-07-07 09:03:25.668499+00:00,2863
2019-07-07 09:03:25.752499+00:00,2864
2019-07-07 09:03:25.908999+00:00,2865
2019-07-07 09:03:26.003999+00:00,2866
2019-07-07 09:03:26.341999+00:00,2867
2019-07-07 09:03:27.064999+00:00,2868
2019-07-07 09:03:27.167499+00:00,2869
2019-07-07 09:03:27.287499+00:00,2870
2019-07-07 09:03:27.379499+00:00,2871
2019-07-07 09:03:27.970999+00:00,2872
2019-07-07 09:03:28.345499+00:00,2873
2019-07-07 09:03:29.545999+00:00,2874
2019-07-07 09:03:29.876999+00:00,2875
2019-07-07 09:03:29.987499+00:00,2876
2019-07-07 09:03:30.520999+00:00,2877
2019-07-07 09:03:31.362499+00:00,2878
2019-07-07 09:03:33.835499+00:00,2879
2019-07-07 09:03:34.647999+00:00,2880
2019-07-07 09:03:35.599999+00:00,2881
2019-07-07 09:03:35.901999+00:00,2882
2019-07-07 09:03:36.488999+00:00,2883
2019-07-07 09:03:37.288999+00:00,2884
2019-07-07 09:03:37.513999+00:00,2885
2019-07-07 09:03:37.654999+00:00,2886
2019-07-07 09:03:38.036998+00:00,2887
2019-07-07 09:03:38.524999+00:00,2888
2019-07-07 09:03:41.808999+00:00,2889
2019-07-07 09:03:42.686999+00:00,2890
2019-07-07 09:03:43.465999+00:00,2891
2019-07-07 09:03:43.544999+00:00,2892
2019-07-07 09:03:43.839499+00:00,2893
2019-07-07 09:03:44.097499+00:00,2894
2019-07-07 09:03:44.206999+00:00,2895
2019-07-07 09:03:44.582499+00:00,2896
2019-07-07 09:03:45.062999+00:00,2897
2019-07-07 09:03:45.157999+00:00,2898
2019-07-07 09:03:45.598999+00:00,2899
2019-07-07 09:03:45.674999+00:00,2900
2019-07-07 09:03:45.757999+00:00,2901
2019-07-07 09:03:46.095499+00:00,2902
2019-07-07 09:03:46.230499+00:00,2903
2019-07-07 09:03:46.553999+00:00,2904
2019-07-07 09:03:46.795499+00:00,2905
2019-07-07 09:03:46.974499+00:00,2906
2019-07-07 09:03:47.568499+00:00,2907
2019-07-07 09:03:47.901499+00:00,2908
2019-07-07 09:03:49.023999+00:00,2909
2019-07-07 09:03:49.951999+00:00,2910
2019-07-07 09:03:50.113999+00:00,2911
2019-07-07 09:03:50.554499+00:00,2912
2019-07-07 09:03:54.932999+00:00,2913
2019-07-07 09:03:55.076999+00:00,2914
2019-07-07 09:03:55.872499+00:00,2915
2019-07-07 09:03:57.180999+00:00,2916
2019-07-07 09:03:57.540999+00:00,2917
2019-07-07 09:03:58.070999+00:00,2918
2019-07-07 09:03:58.246999+00:00,2919
2019-07-07 09:03:58.527999+00:00,2920
2019-07-07 09:04:00.509999+00:00,2921
2019-07-07 09:04:02.151999+00:00,2922
2019-07-07 09:04:02.568498+00:00,2923
2019-07-07 09:04:02.925999+00:00,2924
2019-07-07 09:04:03.284999+00:00,2925
2019-07-07 09:04:03.697999+00:00,2926
2019-07-07 09:04:04.159999+00:00,2927
2019-07-07 09:04:04.563999+00:00,2928
2019-07-07 09:04:05.038999+00:00,2929
2019-07-07 09:04:05.575999+00:00,2930
2019-07-07 09:04:05.822499+00:00,2931
2019-07-07 09:04:15.577999+00:00,2932
2019-07-07 09:04:17.818999+00:00,2933
2019-07-07 09:04:23.210999+00:00,2934
2019-07-07 09:04:25.204499+00:00,2935
2019-07-07 09:04:25.292499+00:00,2936
2019-07-07 09:04:25.630499+00:00,2937
2019-07-07 09:04:26.012499+00:00,2938
2019-07-07 09:04:26.424999+00:00,2939
2019-07-07 09:04:26.888499+00:00,2940
2019-07-07 09:04:26.983499+00:00,2941
2019-07-07 09:04:27.640499+00:00,2942
2019-07-07 09:04:28.061499+00:00,2943
2019-07-07 09:04:28.165499+00:00,2944
2019-07-07 09:04:28.510499+00:00,2945
2019-07-07 09:04:28.992499+00:00,2946
2019-07-07 09:04:29.074499+00:00,2947
2019-07-07 09:04:29.463999+00:00,2948
2019-07-07 09:04:29.550999+00:00,2949
2019-07-07 09:04:30.008999+00:00,2950
2019-07-07 09:04:30.136999+00:00,2951
2019-07-07 09:04:30.689999+00:00,2952
2019-07-07 09:04:31.257999+00:00,2953
2019-07-07 09:04:31.386999+00:00,2954
2019-07-07 09:04:31.740999+00:00,2955
2019-07-07 09:04:32.115999+00:00,2956
2019-07-07 09:04:32.892998+00:00,2957
2019-07-07 09:04:33.232999+00:00,2958
2019-07-07 09:04:33.616499+00:00,2959
2019-07-07 09:04:35.220999+00:00,2960
2019-07-07 09:04:35.305999+00:00,2961
2019-07-07 09:04:36.275999+00:00,2962
2019-07-07 09:04:36.873999+00:00,2963
2019-07-07 09:04:37.315999+00:00,2964
2019-07-07 09:04:37.420999+00:00,2965
2019-07-07 09:04:39.747499+00:00,2966
2019-07-07 09:04:39.860499+00:00,2967
2019-07-07 09:04:40.367999+00:00,2968
2019-07-07 09:04:40.663499+00:00,2969
2019-07-07 09:04:40.790499+00:00,2970
2019-07-07 09:04:41.116499+00:00,2971
2019-07-07 09:04:41.558999+00:00,2972
2019-07-07 09:04:41.647999+00:00,2973
2019-07-07 09:04:41.729499+00:00,2974
2019-07-07 09:04:42.057999+00:00,2975
2019-07-07 09:04:42.509498+00:00,2976
2019-07-07 09:04:42.911499+00:00,2977
2019-07-07 09:04:43.079499+00:00,2978
2019-07-07 09:04:43.454500+00:00,2979
2019-07-07 09:04:45.115998+00:00,2980
2019-07-07 09:04:45.427499+00:00,2981
2019-07-07 09:04:45.860499+00:00,2982
2019-07-07 09:04:47.243999+00:00,2983
2019-07-07 09:04:48.009499+00:00,2984
2019-07-07 09:04:48.703999+00:00,2985
2019-07-07 09:04:49.688999+00:00,2986
2019-07-07 09:04:52.015499+00:00,2987
2019-07-07 09:04:52.375999+00:00,2988
2019-07-07 09:04:52.898499+00:00,2989
2019-07-07 09:04:53.160999+00:00,2990
2019-07-07 09:04:53.798999+00:00,2991
2019-07-07 09:04:54.123999+00:00,2992
2019-07-07 09:04:55.008499+00:00,2993
2019-07-07 09:04:55.361999+00:00,2994
2019-07-07 09:04:55.739499+00:00,2995
2019-07-07 09:04:56.102999+00:00,2996
2019-07-07 09:04:56.913999+00:00,2997
2019-07-07 09:04:58.222999+00:00,2998
2019-07-07 09:05:10.455999+00:00,2999
2019-07-07 09:05:10.537998+00:00,3000
2019-07-07 09:05:10.746499+00:00,3001
2019-07-07 09:05:12.016499+00:00,3002
2019-07-07 09:05:13.687999+00:00,3003
2019-07-07 09:05:14.602499+00:00,3004
2019-07-07 09:05:14.894498+00:00,3005
2019-07-07 09:05:14.986499+00:00,3006
2019-07-07 09:05:16.211499+00:00,3007
2019-07-07 09:05:17.233999+00:00,3008
2019-07-07 09:05:18.586999+00:00,3009
2019-07-07 09:05:19.377999+00:00,3010
2019-07-07 09:05:19.711499+00:00,3011
2019-07-07 09:05:20.140499+00:00,3012
2019-07-07 09:05:21.110999+00:00,3013
2019-07-07 09:05:21.354999+00:00,3014
2019-07-07 09:05:21.440999+00:00,3015
2019-07-07 09:05:21.754999+00:00,3016
2019-07-07 09:05:21.967999+00:00,3017
2019-07-07 09:05:22.691999+00:00,3018
2019-07-07 09:05:22.777999+00:00,3019
2019-07-07 09:05:22.926999+00:00,3020
2019-07-07 09:05:23.219499+00:00,3021
2019-07-07 09:05:23.487999+00:00,3022
2019-07-07 09:05:24.141498+00:00,3023
2019-07-07 09:05:24.862998+00:00,3024
2019-07-07 09:05:25.856499+00:00,3025
2019-07-07 09:05:27.419999+00:00,3026
2019-07-07 09:05:28.651999+00:00,3027
2019-07-07 09:05:29.416999+00:00,3028
2019-07-07 09:05:30.108499+00:00,3029
2019-07-07 09:05:30.226999+00:00,3030
2019-07-07 09:05:30.704499+00:00,3031
2019-07-07 09:05:32.900499+00:00,3032
2019-07-07 09:05:34.667499+00:00,3033
2019-07-07 09:05:35.355499+00:00,3034
2019-07-07 09:05:37.030499+00:00,3035
2019-07-07 09:05:37.345499+00:00,3036
2019-07-07 09:05:37.903499+00:00,3037
2019-07-07 09:05:43.085999+00:00,3038
2019-07-07 09:05:45.498999+00:00,3039
2019-07-07 09:05:46.960999+00:00,3040
2019-07-07 09:05:48.272999+00:00,3041
2019-07-07 09:05:48.696999+00:00,3042
2019-07-07 09:05:49.080999+00:00,3043
2019-07-07 09:05:49.904499+00:00,3044
2019-07-07 09:05:51.230499+00:00,3045
2019-07-07 09:05:51.753499+00:00,3046
2019-07-07 09:05:52.000999+00:00,3047
2019-07-07 09:05:52.569499+00:00,3048
2019-07-07 09:05:52.692498+00:00,3049
2019-07-07 09:05:53.164999+00:00,3050
2019-07-07 09:05:53.241999+00:00,3051
2019-07-07 09:05:53.655998+00:00,3052
2019-07-07 09:05:54.432999+00:00,3053
2019-07-07 09:05:54.864998+00:00,3054
2019-07-07 09:05:55.294999+00:00,3055
2019-07-07 09:05:56.420499+00:00,3056
2019-07-07 09:05:57.583499+00:00,3057
2019-07-07 09:05:57.965999+00:00,3058
2019-07-07 09:05:58.341499+00:00,3059
2019-07-07 09:05:59.175499+00:00,3060
2019-07-07 09:05:59.262499+00:00,3061
2019-07-07 09:05:59.625499+00:00,3062
2019-07-07 09:06:00.836498+00:00,3063
2019-07-07 09:06:01.229499+00:00,3064
2019-07-07 09:06:01.655499+00:00,3065
2019-07-07 09:06:02.151999+00:00,3066
2019-07-07 09:06:02.680999+00:00,3067
2019-07-07 09:06:03.929999+00:00,3068
2019-07-07 09:06:04.269499+00:00,3069
2019-07-07 09:06:05.048999+00:00,3070
2019-07-07 09:06:05.177999+00:00,3071
2019-07-07 09:06:06.210499+00:00,3072
2019-07-07 09:06:06.519999+00:00,3073
2019-07-07 09:06:07.041499+00:00,3074
2019-07-07 09:06:07.126499+00:00,3075
2019-07-07 09:06:07.732499+00:00,3076
2019-07-07 09:06:08.117499+00:00,3077
2019-07-07 09:06:08.242499+00:00,3078
2019-07-07 09:06:08.676999+00:00,3079
2019-07-07 09:06:08.759999+00:00,3080
2019-07-07 09:06:09.175999+00:00,3081
2019-07-07 09:06:09.319999+00:00,3082
2019-07-07 09:06:09.702499+00:00,3083
2019-07-07 09:06:09.863498+00:00,3084
2019-07-07 09:06:10.271999+00:00,3085
2019-07-07 09:06:10.392499+00:00,3086
2019-07-07 09:06:11.305999+00:00,3087
2019-07-07 09:06:12.081999+00:00,3088
2019-07-07 09:06:12.380998+00:00,3089
2019-07-07 09:06:12.530499+00:00,3090
2019-07-07 09:06:12.917499+00:00,3091
2019-07-07 09:06:13.040999+00:00,3092
2019-07-07 09:06:13.244499+00:00,3093
2019-07-07 09:06:13.772499+00:00,3094
2019-07-07 09:06:14.578999+00:00,3095
2019-07-07 09:06:15.880999+00:00,3096
2019-07-07 09:06:16.678999+00:00,3097
2019-07-07 09:06:16.753999+00:00,3098
2019-07-07 09:06:17.510999+00:00,3099
2019-07-07 09:06:37.035499+00:00,3100
2019-07-07 09:06:37.482999+00:00,3101
2019-07-07 09:06:46.923998+00:00,3102
2019-07-07 09:06:48.198499+00:00,3103
2019-07-07 09:06:48.560999+00:00,3104
2019-07-07 09:06:49.895998+00:00,3105
2019-07-07 09:06:50.586499+00:00,3106
2019-07-07 09:06:50.937998+00:00,3107
2019-07-07 09:06:51.353999+00:00,3108
2019-07-07 09:06:52.086999+00:00,3109
2019-07-07 09:06:52.437999+00:00,3110
2019-07-07 09:06:54.374999+00:00,3111
2019-07-07 09:06:54.517999+00:00,3112
2019-07-07 09:06:55.347998+00:00,3113
2019-07-07 09:07:11.517499+00:00,3114
2019-07-07 09:07:11.911499+00:00,3115
2019-07-07 09:07:11.987499+00:00,3116
2019-07-07 09:07:12.331499+00:00,3117
2019-07-07 09:07:27.738499+00:00,3118
2019-07-07 09:07:28.076999+00:00,3119
2019-07-07 09:07:28.180999+00:00,3120
2019-07-07 09:07:29.063999+00:00,3121
2019-07-07 09:07:29.449999+00:00,3122
2019-07-07 09:07:29.962999+00:00,3123
2019-07-07 09:07:30.038999+00:00,3124
2019-07-07 09:07:30.462499+00:00,3125
2019-07-07 09:07:30.995999+00:00,3126
2019-07-07 09:07:31.634499+00:00,3127
2019-07-07 09:07:31.863499+00:00,3128
2019-07-07 09:07:32.307000+00:00,3129
2019-07-07 09:07:32.632999+00:00,3130
2019-07-07 09:07:33.889499+00:00,3131
2019-07-07 09:07:34.196999+00:00,3132
2019-07-07 09:07:35.289499+00:00,3133
2019-07-07 09:07:35.919499+00:00,3134
2019-07-07 09:07:37.677499+00:00,3135
2019-07-07 09:07:37.951499+00:00,3136
2019-07-07 09:07:38.134499+00:00,3137
2019-07-07 09:07:38.668499+00:00,3138
2019-07-07 09:07:38.964999+00:00,3139
2019-07-07 09:07:39.241999+00:00,3140
2019-07-07 09:07:39.715499+00:00,3141
2019-07-07 09:07:40.182999+00:00,3142
2019-07-07 09:07:42.704999+00:00,3143
2019-07-07 09:07:43.811499+00:00,3144
2019-07-07 09:07:46.527999+00:00,3145
2019-07-07 09:07:47.086999+00:00,3146
2019-07-07 09:07:47.868999+00:00,3147
2019-07-07 09:07:48.158999+00:00,3148
2019-07-07 09:07:48.526999+00:00,3149
2019-07-07 09:07:50.536999+00:00,3150
2019-07-07 09:07:50.829999+00:00,3151
2019-07-07 09:07:50.916999+00:00,3152
2019-07-07 09:07:51.236999+00:00,3153
2019-07-07 09:07:51.327999+00:00,3154
2019-07-07 09:07:52.878499+00:00,3155
2019-07-07 09:07:53.716999+00:00,3156
2019-07-07 09:07:53.809999+00:00,3157
2019-07-07 09:07:54.408999+00:00,3158
2019-07-07 09:07:54.559999+00:00,3159
2019-07-07 09:07:55.004999+00:00,3160
2019-07-07 09:07:55.859999+00:00,3161
2019-07-07 09:07:55.967998+00:00,3162
2019-07-07 09:07:56.507999+00:00,3163
2019-07-07 09:07:57.246999+00:00,3164
2019-07-07 09:07:57.898999+00:00,3165
2019-07-07 09:07:58.241999+00:00,3166
2019-07-07 09:07:58.623999+00:00,3167
2019-07-07 09:08:02.178499+00:00,3168
2019-07-07 09:08:02.444499+00:00,3169
2019-07-07 09:08:02.565499+00:00,3170
2019-07-07 09:08:03.565499+00:00,3171
2019-07-07 09:08:04.711499+00:00,3172
2019-07-07 09:08:04.818499+00:00,3173
2019-07-07 09:08:04.959499+00:00,3174
2019-07-07 09:08:06.170499+00:00,3175
2019-07-07 09:08:06.762499+00:00,3176
2019-07-07 09:08:07.390999+00:00,3177
2019-07-07 09:08:07.494499+00:00,3178
2019-07-07 09:08:07.817499+00:00,3179
2019-07-07 09:08:08.067499+00:00,3180
2019-07-07 09:08:08.144499+00:00,3181
2019-07-07 09:08:08.443499+00:00,3182
2019-07-07 09:08:08.627999+00:00,3183
2019-07-07 09:08:09.736499+00:00,3184
2019-07-07 09:08:10.205999+00:00,3185
2019-07-07 09:08:10.299999+00:00,3186
2019-07-07 09:08:11.038999+00:00,3187
2019-07-07 09:08:11.184999+00:00,3188
2019-07-07 09:08:11.661999+00:00,3189
2019-07-07 09:08:12.190999+00:00,3190
2019-07-07 09:08:12.788999+00:00,3191
2019-07-07 09:08:12.894999+00:00,3192
2019-07-07 09:08:13.095999+00:00,3193
2019-07-07 09:08:14.255499+00:00,3194
2019-07-07 09:08:14.369499+00:00,3195
2019-07-07 09:08:16.080499+00:00,3196
2019-07-07 09:08:18.002999+00:00,3197
2019-07-07 09:08:20.530999+00:00,3198
2019-07-07 09:08:20.865999+00:00,3199
2019-07-07 09:08:21.866999+00:00,3200
2019-07-07 09:08:22.326499+00:00,3201
2019-07-07 09:08:25.401498+00:00,3202
2019-07-07 09:08:25.639499+00:00,3203
2019-07-07 09:08:26.826499+00:00,3204
2019-07-07 09:08:27.121499+00:00,3205
2019-07-07 09:08:28.555499+00:00,3206
2019-07-07 09:08:29.705999+00:00,3207
2019-07-07 09:08:30.603499+00:00,3208
2019-07-07 09:08:32.791499+00:00,3209
2019-07-07 09:08:33.131499+00:00,3210
2019-07-07 09:08:33.279498+00:00,3211
2019-07-07 09:08:33.763999+00:00,3212
2019-07-07 09:08:34.205999+00:00,3213
2019-07-07 09:08:34.999499+00:00,3214
2019-07-07 09:08:38.413999+00:00,3215
2019-07-07 09:08:38.565999+00:00,3216
2019-07-07 09:08:38.942999+00:00,3217
2019-07-07 09:08:39.241999+00:00,3218
2019-07-07 09:08:39.634998+00:00,3219
2019-07-07 09:08:42.542999+00:00,3220
2019-07-07 09:08:44.821499+00:00,3221
2019-07-07 09:08:48.376499+00:00,3222
2019-07-07 09:08:48.671499+00:00,3223
2019-07-07 09:08:49.318499+00:00,3224
2019-07-07 09:08:50.872999+00:00,3225
2019-07-07 09:08:51.552999+00:00,3226
2019-07-07 09:08:51.961998+00:00,3227
2019-07-07 09:08:52.321499+00:00,3228
2019-07-07 09:08:52.633499+00:00,3229
2019-07-07 09:08:53.734499+00:00,3230
2019-07-07 09:08:54.118499+00:00,3231
2019-07-07 09:08:57.951498+00:00,3232
2019-07-07 09:08:58.697499+00:00,3233
2019-07-07 09:08:58.787499+00:00,3234
2019-07-07 09:08:59.366499+00:00,3235
2019-07-07 09:08:59.744999+00:00,3236
2019-07-07 09:09:00.245499+00:00,3237
2019-07-07 09:09:00.780499+00:00,3238
2019-07-07 09:09:01.267499+00:00,3239
2019-07-07 09:09:02.279499+00:00,3240
2019-07-07 09:09:03.729498+00:00,3241
2019-07-07 09:09:04.138498+00:00,3242
2019-07-07 09:09:04.440499+00:00,3243
2019-07-07 09:09:04.617999+00:00,3244
2019-07-07 09:09:04.864499+00:00,3245
2019-07-07 09:09:05.295499+00:00,3246
2019-07-07 09:09:11.867499+00:00,3247
2019-07-07 09:09:12.813499+00:00,3248
2019-07-07 09:09:13.420999+00:00,3249
2019-07-07 09:09:13.680999+00:00,3250
2019-07-07 09:09:14.212999+00:00,3251
2019-07-07 09:09:15.044999+00:00,3252
2019-07-07 09:09:15.664999+00:00,3253
2019-07-07 09:09:15.818999+00:00,3254
2019-07-07 09:09:19.518999+00:00,3255
2019-07-07 09:09:20.120999+00:00,3256
2019-07-07 09:09:40.032498+00:00,3257
2019-07-07 09:09:40.753499+00:00,3258
2019-07-07 09:09:41.108999+00:00,3259
2019-07-07 09:09:43.586999+00:00,3260
2019-07-07 09:09:50.257999+00:00,3261
2019-07-07 09:09:51.833499+00:00,3262
2019-07-07 09:09:54.197499+00:00,3263
2019-07-07 09:09:54.315499+00:00,3264
2019-07-07 09:09:54.765999+00:00,3265
2019-07-07 09:09:55.217999+00:00,3266
2019-07-07 09:09:56.055999+00:00,3267
2019-07-07 09:09:56.729499+00:00,3268
2019-07-07 09:09:56.816499+00:00,3269
2019-07-07 09:09:57.206499+00:00,3270
2019-07-07 09:09:57.931999+00:00,3271
2019-07-07 09:09:58.281998+00:00,3272
2019-07-07 09:09:58.410499+00:00,3273
2019-07-07 09:09:59.508999+00:00,3274
2019-07-07 09:09:59.672999+00:00,3275
2019-07-07 09:09:59.753999+00:00,3276
2019-07-07 09:09:59.979999+00:00,3277
2019-07-07 09:10:00.658999+00:00,3278
2019-07-07 09:10:05.645499+00:00,3279
2019-07-07 09:10:07.089499+00:00,3280
2019-07-07 09:10:09.193999+00:00,3281
2019-07-07 09:10:10.162499+00:00,3282
2019-07-07 09:10:10.912499+00:00,3283
2019-07-07 09:10:11.344499+00:00,3284
2019-07-07 09:10:11.976499+00:00,3285
2019-07-07 09:10:13.817499+00:00,3286
2019-07-07 09:10:14.928999+00:00,3287
2019-07-07 09:10:18.887999+00:00,3288
2019-07-07 09:10:19.228999+00:00,3289
2019-07-07 09:10:19.713999+00:00,3290
2019-07-07 09:10:21.181999+00:00,3291
2019-07-07 09:10:22.195999+00:00,3292
2019-07-07 09:10:25.164999+00:00,3293
2019-07-07 09:10:25.664000+00:00,3294
2019-07-07 09:10:29.599999+00:00,3295
2019-07-07 09:10:31.265500+00:00,3296
2019-07-07 09:10:41.542999+00:00,3297
2019-07-07 09:10:42.541500+00:00,3298
2019-07-07 09:10:43.268499+00:00,3299
2019-07-07 09:10:43.621999+00:00,3300
2019-07-07 09:10:44.521499+00:00,3301
2019-07-07 09:10:46.827499+00:00,3302
2019-07-07 09:10:47.144999+00:00,3303
2019-07-07 09:10:47.412999+00:00,3304
2019-07-07 09:10:47.752999+00:00,3305
2019-07-07 09:10:47.960000+00:00,3306
2019-07-07 09:10:49.088999+00:00,3307
2019-07-07 09:10:49.500999+00:00,3308
2019-07-07 09:10:49.700999+00:00,3309
2019-07-07 09:10:51.604999+00:00,3310
2019-07-07 09:10:51.979999+00:00,3311
2019-07-07 09:10:52.473999+00:00,3312
2019-07-07 09:10:54.534999+00:00,3313
2019-07-07 09:10:55.933000+00:00,3314
2019-07-07 09:10:56.434999+00:00,3315
2019-07-07 09:10:56.973499+00:00,3316
2019-07-07 09:10:58.554499+00:00,3317
2019-07-07 09:10:59.861999+00:00,3318
2019-07-07 09:11:01.186499+00:00,3319
2019-07-07 09:11:23.329999+00:00,3320
2019-07-07 09:11:25.574999+00:00,3321
2019-07-07 09:12:18.743999+00:00,3322
2019-07-07 09:12:19.089999+00:00,3323
2019-07-07 09:12:20.864499+00:00,3324
2019-07-07 09:12:39.624999+00:00,3325
2019-07-07 09:12:40.169999+00:00,3326
2019-07-07 09:12:40.616999+00:00,3327
2019-07-07 09:12:42.279999+00:00,3328
2019-07-07 09:12:42.504999+00:00,3329
2019-07-07 09:12:43.620500+00:00,3330
2019-07-07 09:12:43.702499+00:00,3331
2019-07-07 09:12:56.147499+00:00,3332
2019-07-07 09:13:15.256999+00:00,3333
2019-07-07 09:13:15.366999+00:00,3334
2019-07-07 09:13:15.643999+00:00,3335
2019-07-07 09:13:16.054499+00:00,3336
2019-07-07 09:13:16.160000+00:00,3337
2019-07-07 09:13:16.550499+00:00,3338
2019-07-07 09:13:16.763999+00:00,3339
2019-07-07 09:13:16.964999+00:00,3340
2019-07-07 09:13:17.224499+00:00,3341
2019-07-07 09:13:17.301999+00:00,3342
2019-07-07 09:13:18.059999+00:00,3343
2019-07-07 09:13:18.950500+00:00,3344
2019-07-07 09:13:19.463499+00:00,3345
2019-07-07 09:13:21.283499+00:00,3346
2019-07-07 09:13:22.211500+00:00,3347
2019-07-07 09:13:23.623999+00:00,3348
2019-07-07 09:13:24.063499+00:00,3349
2019-07-07 09:13:35.497999+00:00,3350
2019-07-07 09:13:47.498999+00:00,3351
2019-07-07 09:14:01.722499+00:00,3352
2019-07-07 09:14:11.724999+00:00,3353
2019-07-07 09:14:12.499999+00:00,3354
2019-07-07 09:14:13.394999+00:00,3355
2019-07-07 09:14:13.668999+00:00,3356
2019-07-07 09:14:14.302499+00:00,3357
2019-07-07 09:14:14.562999+00:00,3358
2019-07-07 09:14:14.825999+00:00,3359
2019-07-07 09:14:15.001499+00:00,3360
2019-07-07 09:14:15.389499+00:00,3361
2019-07-07 09:14:15.489499+00:00,3362
2019-07-07 09:14:16.511499+00:00,3363
2019-07-07 09:14:17.140999+00:00,3364
2019-07-07 09:14:17.521999+00:00,3365
2019-07-07 09:14:18.124499+00:00,3366
2019-07-07 09:14:18.642499+00:00,3367
2019-07-07 09:14:18.947999+00:00,3368
2019-07-07 09:14:20.007499+00:00,3369
2019-07-07 09:14:20.303499+00:00,3370
2019-07-07 09:14:20.378499+00:00,3371
2019-07-07 09:14:33.809999+00:00,3372
2019-07-07 09:14:34.549000+00:00,3373
2019-07-07 09:14:35.224999+00:00,3374
2019-07-07 09:14:35.901499+00:00,3375
2019-07-07 09:14:53.904499+00:00,3376
2019-07-07 09:14:54.005499+00:00,3377
2019-07-07 09:14:54.374999+00:00,3378
2019-07-07 09:15:00.588999+00:00,3379
2019-07-07 09:15:02.860000+00:00,3380
2019-07-07 09:15:03.115499+00:00,3381
2019-07-07 09:15:03.269499+00:00,3382
2019-07-07 09:15:07.204499+00:00,3383
2019-07-07 09:15:26.732999+00:00,3384
2019-07-07 09:15:27.150500+00:00,3385
2019-07-07 09:15:29.262499+00:00,3386
2019-07-07 09:15:29.640999+00:00,3387
2019-07-07 09:15:30.007999+00:00,3388
2019-07-07 09:15:30.340499+00:00,3389
2019-07-07 09:15:30.709499+00:00,3390
2019-07-07 09:15:31.004000+00:00,3391
2019-07-07 09:15:32.185999+00:00,3392
2019-07-07 09:15:48.376500+00:00,3393
2019-07-07 09:15:48.763999+00:00,3394
2019-07-07 09:15:49.157499+00:00,3395
2019-07-07 09:15:49.232499+00:00,3396
2019-07-07 09:15:49.583499+00:00,3397
2019-07-07 09:15:49.988499+00:00,3398
2019-07-07 09:15:50.845499+00:00,3399
2019-07-07 09:15:50.985499+00:00,3400
2019-07-07 09:15:51.322999+00:00,3401
2019-07-07 09:15:51.745999+00:00,3402
2019-07-07 09:15:51.832999+00:00,3403
2019-07-07 09:15:51.977499+00:00,3404
2019-07-07 09:15:52.278499+00:00,3405
2019-07-07 09:15:52.722499+00:00,3406
2019-07-07 09:15:53.366999+00:00,3407
2019-07-07 09:15:53.441999+00:00,3408
2019-07-07 09:15:54.116999+00:00,3409
2019-07-07 09:15:54.424999+00:00,3410
2019-07-07 09:15:54.499999+00:00,3411
2019-07-07 09:15:55.523999+00:00,3412
2019-07-07 09:15:55.901499+00:00,3413
2019-07-07 09:15:56.277999+00:00,3414
2019-07-07 09:15:56.883499+00:00,3415
2019-07-07 09:15:56.975499+00:00,3416
2019-07-07 09:15:57.320500+00:00,3417
2019-07-07 09:15:58.276999+00:00,3418
2019-07-07 09:15:58.582000+00:00,3419
2019-07-07 09:15:58.941999+00:00,3420
2019-07-07 09:15:59.120499+00:00,3421
2019-07-07 09:15:59.707999+00:00,3422
2019-07-07 09:16:00.333000+00:00,3423
2019-07-07 09:16:00.450999+00:00,3424
2019-07-07 09:16:00.762999+00:00,3425
2019-07-07 09:16:01.217999+00:00,3426
2019-07-07 09:16:01.612999+00:00,3427
2019-07-07 09:16:01.729999+00:00,3428
2019-07-07 09:16:01.989999+00:00,3429
2019-07-07 09:16:02.196499+00:00,3430
2019-07-07 09:16:02.320999+00:00,3431
2019-07-07 09:16:02.737999+00:00,3432
2019-07-07 09:16:03.053999+00:00,3433
2019-07-07 09:16:03.234999+00:00,3434
2019-07-07 09:16:03.356999+00:00,3435
2019-07-07 09:16:03.593999+00:00,3436
2019-07-07 09:16:03.671999+00:00,3437
2019-07-07 09:16:04.117499+00:00,3438
2019-07-07 09:16:04.216499+00:00,3439
2019-07-07 09:16:05.152499+00:00,3440
2019-07-07 09:16:06.234499+00:00,3441
2019-07-07 09:16:06.355499+00:00,3442
2019-07-07 09:16:06.733499+00:00,3443
2019-07-07 09:16:06.809499+00:00,3444
2019-07-07 09:16:07.682999+00:00,3445
2019-07-07 09:16:08.062999+00:00,3446
2019-07-07 09:16:09.125999+00:00,3447
2019-07-07 09:16:09.561999+00:00,3448
2019-07-07 09:16:09.934999+00:00,3449
2019-07-07 09:16:10.259999+00:00,3450
2019-07-07 09:16:20.651999+00:00,3451
2019-07-07 09:16:20.726999+00:00,3452
2019-07-07 09:16:21.166499+00:00,3453
2019-07-07 09:16:21.472500+00:00,3454
2019-07-07 09:16:22.159499+00:00,3455
2019-07-07 09:16:22.237499+00:00,3456
2019-07-07 09:16:25.488999+00:00,3457
2019-07-07 09:16:26.332500+00:00,3458
2019-07-07 09:16:31.889499+00:00,3459
2019-07-07 09:16:34.455499+00:00,3460
2019-07-07 09:16:35.476499+00:00,3461
2019-07-07 09:16:35.836499+00:00,3462
2019-07-07 09:16:36.820499+00:00,3463
2019-07-07 09:16:36.897499+00:00,3464
2019-07-07 09:16:37.334499+00:00,3465
2019-07-07 09:16:37.718499+00:00,3466
2019-07-07 09:16:38.134499+00:00,3467
2019-07-07 09:16:38.564499+00:00,3468
2019-07-07 09:16:39.004500+00:00,3469
2019-07-07 09:16:39.365499+00:00,3470
2019-07-07 09:16:39.844999+00:00,3471
2019-07-07 09:16:40.281499+00:00,3472
2019-07-07 09:16:40.359999+00:00,3473
2019-07-07 09:16:40.735000+00:00,3474
2019-07-07 09:16:40.813999+00:00,3475
2019-07-07 09:16:40.964500+00:00,3476
2019-07-07 09:16:41.180999+00:00,3477
2019-07-07 09:16:41.520999+00:00,3478
2019-07-07 09:16:42.481500+00:00,3479
2019-07-07 09:16:43.695000+00:00,3480
2019-07-07 09:16:44.295999+00:00,3481
2019-07-07 09:16:44.572499+00:00,3482
2019-07-07 09:16:53.908999+00:00,3483
2019-07-07 09:16:54.309999+00:00,3484
2019-07-07 09:16:54.688500+00:00,3485
2019-07-07 09:16:55.126999+00:00,3486
2019-07-07 09:16:55.207999+00:00,3487
2019-07-07 09:16:56.163499+00:00,3488
2019-07-07 09:16:57.349000+00:00,3489
2019-07-07 09:16:57.915000+00:00,3490
2019-07-07 09:16:58.254499+00:00,3491
2019-07-07 09:16:59.400999+00:00,3492
2019-07-07 09:16:59.489500+00:00,3493
2019-07-07 09:16:59.896999+00:00,3494
2019-07-07 09:17:00.488999+00:00,3495
2019-07-07 09:17:00.565999+00:00,3496
2019-07-07 09:17:00.948499+00:00,3497
2019-07-07 09:17:01.047499+00:00,3498
2019-07-07 09:17:01.539999+00:00,3499
2019-07-07 09:17:01.582999+00:00,3500
2019-07-07 09:17:02.029999+00:00,3501
2019-07-07 09:17:02.106499+00:00,3502
2019-07-07 09:17:02.503999+00:00,3503
2019-07-07 09:17:02.893499+00:00,3504
2019-07-07 09:17:03.581500+00:00,3505
2019-07-07 09:17:03.693499+00:00,3506
2019-07-07 09:17:03.960499+00:00,3507
2019-07-07 09:17:04.072499+00:00,3508
2019-07-07 09:17:04.196999+00:00,3509
2019-07-07 09:17:04.551499+00:00,3510
2019-07-07 09:17:04.630999+00:00,3511
2019-07-07 09:17:04.798999+00:00,3512
2019-07-07 09:17:04.877999+00:00,3513
2019-07-07 09:17:05.031499+00:00,3514
2019-07-07 09:17:05.551499+00:00,3515
2019-07-07 09:17:05.784000+00:00,3516
2019-07-07 09:17:06.579499+00:00,3517
2019-07-07 09:17:06.659999+00:00,3518
2019-07-07 09:17:07.081999+00:00,3519
2019-07-07 09:17:07.940999+00:00,3520
2019-07-07 09:17:08.127999+00:00,3521
2019-07-07 09:17:08.639499+00:00,3522
2019-07-07 09:17:09.402999+00:00,3523
2019-07-07 09:17:09.845999+00:00,3524
2019-07-07 09:17:10.681999+00:00,3525
2019-07-07 09:17:11.109999+00:00,3526
2019-07-07 09:17:11.569999+00:00,3527
2019-07-07 09:17:11.760500+00:00,3528
2019-07-07 09:17:11.975999+00:00,3529
2019-07-07 09:17:12.741999+00:00,3530
2019-07-07 09:17:13.312000+00:00,3531
2019-07-07 09:17:13.694999+00:00,3532
2019-07-07 09:17:13.854999+00:00,3533
2019-07-07 09:17:14.097000+00:00,3534
2019-07-07 09:17:14.471999+00:00,3535
2019-07-07 09:17:15.968999+00:00,3536
2019-07-07 09:17:17.442999+00:00,3537
2019-07-07 09:17:17.674999+00:00,3538
2019-07-07 09:17:17.833999+00:00,3539
2019-07-07 09:17:18.001999+00:00,3540
2019-07-07 09:17:18.269999+00:00,3541
2019-07-07 09:17:18.633999+00:00,3542
2019-07-07 09:17:19.001499+00:00,3543
2019-07-07 09:17:19.104499+00:00,3544
2019-07-07 09:17:19.197499+00:00,3545
2019-07-07 09:17:19.301499+00:00,3546
2019-07-07 09:17:19.661499+00:00,3547
2019-07-07 09:17:19.738499+00:00,3548
2019-07-07 09:17:20.028500+00:00,3549
2019-07-07 09:17:20.244499+00:00,3550
2019-07-07 09:17:20.593499+00:00,3551
2019-07-07 09:17:21.459999+00:00,3552
2019-07-07 09:17:21.754999+00:00,3553
2019-07-07 09:17:22.475000+00:00,3554
2019-07-07 09:17:23.321999+00:00,3555
2019-07-07 09:17:23.643499+00:00,3556
2019-07-07 09:17:23.870999+00:00,3557
2019-07-07 09:17:24.387500+00:00,3558
2019-07-07 09:17:24.666999+00:00,3559
2019-07-07 09:17:25.120500+00:00,3560
2019-07-07 09:17:25.351999+00:00,3561
2019-07-07 09:17:25.759999+00:00,3562
2019-07-07 09:17:25.859999+00:00,3563
2019-07-07 09:17:26.702499+00:00,3564
2019-07-07 09:17:27.326499+00:00,3565
2019-07-07 09:17:27.750499+00:00,3566
2019-07-07 09:17:28.020000+00:00,3567
2019-07-07 09:17:28.256499+00:00,3568
2019-07-07 09:17:28.668499+00:00,3569
2019-07-07 09:17:29.169999+00:00,3570
2019-07-07 09:17:29.599499+00:00,3571
2019-07-07 09:17:30.038999+00:00,3572
2019-07-07 09:17:30.978499+00:00,3573
2019-07-07 09:17:31.416499+00:00,3574
2019-07-07 09:17:31.818499+00:00,3575
2019-07-07 09:17:32.560999+00:00,3576
2019-07-07 09:17:34.391500+00:00,3577
2019-07-07 09:17:35.289999+00:00,3578
2019-07-07 09:17:35.464999+00:00,3579
2019-07-07 09:17:35.710999+00:00,3580
2019-07-07 09:17:36.305999+00:00,3581
2019-07-07 09:17:36.781999+00:00,3582
2019-07-07 09:17:37.916999+00:00,3583
2019-07-07 09:17:38.324499+00:00,3584
2019-07-07 09:17:38.411999+00:00,3585
2019-07-07 09:17:38.768999+00:00,3586
2019-07-07 09:17:38.935999+00:00,3587
2019-07-07 09:17:39.435999+00:00,3588
2019-07-07 09:17:39.635999+00:00,3589
2019-07-07 09:17:39.712999+00:00,3590
2019-07-07 09:17:40.243999+00:00,3591
2019-07-07 09:17:40.537499+00:00,3592
2019-07-07 09:17:42.904499+00:00,3593
2019-07-07 09:17:43.355000+00:00,3594
2019-07-07 09:17:43.453999+00:00,3595
2019-07-07 09:17:43.622999+00:00,3596
2019-07-07 09:17:43.822999+00:00,3597
2019-07-07 09:17:44.562999+00:00,3598
2019-07-07 09:17:48.349499+00:00,3599
2019-07-07 09:17:48.779999+00:00,3600
2019-07-07 09:17:49.664999+00:00,3601
2019-07-07 09:17:49.793999+00:00,3602
2019-07-07 09:17:50.147999+00:00,3603
2019-07-07 09:17:50.252999+00:00,3604
2019-07-07 09:17:50.537499+00:00,3605
2019-07-07 09:17:50.708499+00:00,3606
2019-07-07 09:17:50.815499+00:00,3607
2019-07-07 09:17:51.125999+00:00,3608
2019-07-07 09:17:51.213999+00:00,3609
2019-07-07 09:17:51.635999+00:00,3610
2019-07-07 09:17:51.980999+00:00,3611
2019-07-07 09:17:52.372500+00:00,3612
2019-07-07 09:17:53.451499+00:00,3613
2019-07-07 09:17:53.642999+00:00,3614
2019-07-07 09:17:53.789999+00:00,3615
2019-07-07 09:17:54.351499+00:00,3616
2019-07-07 09:17:54.502499+00:00,3617
2019-07-07 09:17:54.610499+00:00,3618
2019-07-07 09:17:54.874999+00:00,3619
2019-07-07 09:17:55.125999+00:00,3620
2019-07-07 09:17:55.221999+00:00,3621
2019-07-07 09:17:55.314499+00:00,3622
2019-07-07 09:17:55.498999+00:00,3623
2019-07-07 09:17:56.522499+00:00,3624
2019-07-07 09:17:57.124000+00:00,3625
2019-07-07 09:17:57.456000+00:00,3626
2019-07-07 09:17:57.594999+00:00,3627
2019-07-07 09:17:58.262999+00:00,3628
2019-07-07 09:17:58.329000+00:00,3629
2019-07-07 09:17:58.454999+00:00,3630
2019-07-07 09:17:58.810499+00:00,3631
2019-07-07 09:17:59.103499+00:00,3632
2019-07-07 09:17:59.239499+00:00,3633
2019-07-07 09:17:59.367499+00:00,3634
2019-07-07 09:17:59.633999+00:00,3635
2019-07-07 09:17:59.759499+00:00,3636
2019-07-07 09:17:59.999000+00:00,3637
2019-07-07 09:18:00.107999+00:00,3638
2019-07-07 09:18:00.512999+00:00,3639
2019-07-07 09:18:00.609999+00:00,3640
2019-07-07 09:18:00.703999+00:00,3641
2019-07-07 09:18:00.792499+00:00,3642
2019-07-07 09:18:00.867499+00:00,3643
2019-07-07 09:18:00.959999+00:00,3644
2019-07-07 09:18:01.236499+00:00,3645
2019-07-07 09:18:01.537000+00:00,3646
2019-07-07 09:18:01.646000+00:00,3647
2019-07-07 09:18:01.821999+00:00,3648
2019-07-07 09:18:01.921999+00:00,3649
2019-07-07 09:18:02.363000+00:00,3650
2019-07-07 09:18:02.556499+00:00,3651
2019-07-07 09:18:02.700000+00:00,3652
2019-07-07 09:18:02.785999+00:00,3653
2019-07-07 09:18:02.910999+00:00,3654
2019-07-07 09:18:03.479999+00:00,3655
2019-07-07 09:18:03.706999+00:00,3656
2019-07-07 09:18:03.936499+00:00,3657
2019-07-07 09:18:04.052499+00:00,3658
2019-07-07 09:18:04.131499+00:00,3659
2019-07-07 09:18:04.275499+00:00,3660
2019-07-07 09:18:04.385999+00:00,3661
2019-07-07 09:18:04.538999+00:00,3662
2019-07-07 09:18:04.855999+00:00,3663
2019-07-07 09:18:05.522499+00:00,3664
2019-07-07 09:18:05.779499+00:00,3665
2019-07-07 09:18:06.080499+00:00,3666
2019-07-07 09:18:06.494999+00:00,3667
2019-07-07 09:18:06.572499+00:00,3668
2019-07-07 09:18:06.654499+00:00,3669
2019-07-07 09:18:06.940499+00:00,3670
2019-07-07 09:18:07.158999+00:00,3671
2019-07-07 09:18:07.235999+00:00,3672
2019-07-07 09:18:07.426499+00:00,3673
2019-07-07 09:18:07.663499+00:00,3674
2019-07-07 09:18:07.978999+00:00,3675
2019-07-07 09:18:08.069000+00:00,3676
2019-07-07 09:18:08.212999+00:00,3677
2019-07-07 09:18:08.784499+00:00,3678
2019-07-07 09:18:09.396499+00:00,3679
2019-07-07 09:18:09.955999+00:00,3680
2019-07-07 09:18:10.046999+00:00,3681
2019-07-07 09:18:10.387500+00:00,3682
2019-07-07 09:18:10.648000+00:00,3683
2019-07-07 09:18:10.935999+00:00,3684
2019-07-07 09:18:11.180999+00:00,3685
2019-07-07 09:18:11.400499+00:00,3686
2019-07-07 09:18:12.041000+00:00,3687
2019-07-07 09:18:12.143999+00:00,3688
2019-07-07 09:18:12.739499+00:00,3689
2019-07-07 09:18:13.266000+00:00,3690
2019-07-07 09:18:13.727999+00:00,3691
2019-07-07 09:18:14.216999+00:00,3692
2019-07-07 09:18:15.637999+00:00,3693
2019-07-07 09:18:16.410999+00:00,3694
2019-07-07 09:18:16.895999+00:00,3695
2019-07-07 09:18:17.468999+00:00,3696
2019-07-07 09:18:17.928999+00:00,3697
2019-07-07 09:18:19.598499+00:00,3698
2019-07-07 09:18:21.928999+00:00,3699
2019-07-07 09:18:23.791499+00:00,3700
2019-07-07 09:18:24.348999+00:00,3701
2019-07-07 09:18:25.105499+00:00,3702
2019-07-07 09:18:25.927999+00:00,3703
2019-07-07 09:18:26.240499+00:00,3704
2019-07-07 09:18:36.868499+00:00,3705
2019-07-07 09:18:37.280499+00:00,3706
2019-07-07 09:18:37.402499+00:00,3707
2019-07-07 09:18:37.738999+00:00,3708
2019-07-07 09:18:39.923499+00:00,3709
2019-07-07 09:18:40.998999+00:00,3710
2019-07-07 09:18:42.884999+00:00,3711
2019-07-07 09:18:43.410999+00:00,3712
2019-07-07 09:18:43.887000+00:00,3713
2019-07-07 09:18:44.368999+00:00,3714
2019-07-07 09:18:45.198999+00:00,3715
2019-07-07 09:18:45.744999+00:00,3716
2019-07-07 09:18:46.196999+00:00,3717
2019-07-07 09:18:46.676999+00:00,3718
2019-07-07 09:18:47.667999+00:00,3719
2019-07-07 09:18:47.894999+00:00,3720
2019-07-07 09:18:50.721999+00:00,3721
2019-07-07 09:18:50.822999+00:00,3722
2019-07-07 09:18:51.136999+00:00,3723
2019-07-07 09:18:51.221999+00:00,3724
2019-07-07 09:18:51.547999+00:00,3725
2019-07-07 09:18:52.290999+00:00,3726
2019-07-07 09:18:52.739499+00:00,3727
2019-07-07 09:18:52.891499+00:00,3728
2019-07-07 09:18:52.976999+00:00,3729
2019-07-07 09:18:53.418499+00:00,3730
2019-07-07 09:18:53.550499+00:00,3731
2019-07-07 09:18:54.476999+00:00,3732
2019-07-07 09:18:56.392499+00:00,3733
2019-07-07 09:18:57.484999+00:00,3734
2019-07-07 09:18:59.395499+00:00,3735
2019-07-07 09:19:13.412999+00:00,3736
2019-07-07 09:19:13.810999+00:00,3737
2019-07-07 09:19:13.904999+00:00,3738
2019-07-07 09:19:14.335499+00:00,3739
2019-07-07 09:19:16.997999+00:00,3740
2019-07-07 09:19:17.412999+00:00,3741
2019-07-07 09:19:29.708999+00:00,3742
2019-07-07 09:19:30.257999+00:00,3743
2019-07-07 09:19:30.479999+00:00,3744
2019-07-07 09:19:31.052999+00:00,3745
2019-07-07 09:19:31.829999+00:00,3746
2019-07-07 09:19:32.064999+00:00,3747
2019-07-07 09:19:32.438499+00:00,3748
2019-07-07 09:19:32.513499+00:00,3749
2019-07-07 09:19:33.001499+00:00,3750
2019-07-07 09:19:33.760499+00:00,3751
2019-07-07 09:19:33.868499+00:00,3752
2019-07-07 09:19:34.149499+00:00,3753
2019-07-07 09:19:34.353999+00:00,3754
2019-07-07 09:19:34.674499+00:00,3755
2019-07-07 09:19:35.110999+00:00,3756
2019-07-07 09:19:35.557499+00:00,3757
2019-07-07 09:19:36.989999+00:00,3758
2019-07-07 09:19:37.503999+00:00,3759
2019-07-07 09:19:37.924999+00:00,3760
2019-07-07 09:19:38.416999+00:00,3761
2019-07-07 09:19:41.511999+00:00,3762
2019-07-07 09:19:42.219999+00:00,3763
2019-07-07 09:19:42.982999+00:00,3764
2019-07-07 09:19:43.283499+00:00,3765
2019-07-07 09:19:50.737499+00:00,3766
2019-07-07 09:19:51.240499+00:00,3767
2019-07-07 09:19:59.150999+00:00,3768
2019-07-07 09:19:59.241999+00:00,3769
2019-07-07 09:19:59.383499+00:00,3770
2019-07-07 09:19:59.561999+00:00,3771
2019-07-07 09:19:59.790000+00:00,3772
2019-07-07 09:19:59.889999+00:00,3773
2019-07-07 09:20:00.842999+00:00,3774
2019-07-07 09:20:00.967999+00:00,3775
2019-07-07 09:20:01.235499+00:00,3776
2019-07-07 09:20:01.681999+00:00,3777
2019-07-07 09:20:01.808499+00:00,3778
2019-07-07 09:20:02.364999+00:00,3779
2019-07-07 09:20:02.623999+00:00,3780
2019-07-07 09:20:02.844499+00:00,3781
2019-07-07 09:20:03.321999+00:00,3782
2019-07-07 09:20:03.553999+00:00,3783
2019-07-07 09:20:03.676999+00:00,3784
2019-07-07 09:20:04.082499+00:00,3785
2019-07-07 09:20:04.342999+00:00,3786
2019-07-07 09:20:05.091499+00:00,3787
2019-07-07 09:20:05.245999+00:00,3788
2019-07-07 09:20:05.767500+00:00,3789
2019-07-07 09:20:05.850499+00:00,3790
2019-07-07 09:20:06.584499+00:00,3791
2019-07-07 09:20:07.321499+00:00,3792
2019-07-07 09:20:07.425499+00:00,3793
2019-07-07 09:20:07.656000+00:00,3794
2019-07-07 09:20:08.174000+00:00,3795
2019-07-07 09:20:08.410499+00:00,3796
2019-07-07 09:20:08.495499+00:00,3797
2019-07-07 09:20:11.691999+00:00,3798
2019-07-07 09:20:12.257999+00:00,3799
2019-07-07 09:20:13.319999+00:00,3800
2019-07-07 09:20:14.022999+00:00,3801
2019-07-07 09:20:18.206499+00:00,3802
2019-07-07 09:20:19.486499+00:00,3803
2019-07-07 09:20:19.938499+00:00,3804
2019-07-07 09:20:20.476499+00:00,3805
2019-07-07 09:20:20.888999+00:00,3806
2019-07-07 09:20:21.269999+00:00,3807
2019-07-07 09:20:21.937499+00:00,3808
2019-07-07 09:20:22.402999+00:00,3809
2019-07-07 09:20:22.611999+00:00,3810
2019-07-07 09:20:23.015999+00:00,3811
2019-07-07 09:20:23.722499+00:00,3812
2019-07-07 09:20:24.114499+00:00,3813
2019-07-07 09:20:24.234499+00:00,3814
2019-07-07 09:20:24.575999+00:00,3815
2019-07-07 09:20:25.029999+00:00,3816
2019-07-07 09:20:25.476999+00:00,3817
2019-07-07 09:20:25.601499+00:00,3818
2019-07-07 09:20:26.092999+00:00,3819
2019-07-07 09:20:26.493999+00:00,3820
2019-07-07 09:20:31.188499+00:00,3821
2019-07-07 09:20:42.937499+00:00,3822
2019-07-07 09:20:43.385999+00:00,3823
2019-07-07 09:20:43.777499+00:00,3824
2019-07-07 09:20:44.365999+00:00,3825
2019-07-07 09:20:44.477999+00:00,3826
2019-07-07 09:20:44.871999+00:00,3827
2019-07-07 09:20:44.966999+00:00,3828
2019-07-07 09:20:45.611999+00:00,3829
2019-07-07 09:20:45.983499+00:00,3830
2019-07-07 09:20:46.061500+00:00,3831
2019-07-07 09:20:46.809999+00:00,3832
2019-07-07 09:20:47.541499+00:00,3833
2019-07-07 09:20:47.894499+00:00,3834
2019-07-07 09:20:48.379499+00:00,3835
2019-07-07 09:20:48.523499+00:00,3836
2019-07-07 09:20:48.920499+00:00,3837
2019-07-07 09:20:49.070499+00:00,3838
2019-07-07 09:20:49.149500+00:00,3839
2019-07-07 09:20:49.513499+00:00,3840
2019-07-07 09:20:50.043499+00:00,3841
2019-07-07 09:20:50.339499+00:00,3842
2019-07-07 09:20:50.485499+00:00,3843
2019-07-07 09:20:50.745999+00:00,3844
2019-07-07 09:20:51.118999+00:00,3845
2019-07-07 09:20:51.194999+00:00,3846
2019-07-07 09:20:52.276499+00:00,3847
2019-07-07 09:20:52.383000+00:00,3848
2019-07-07 09:20:52.786499+00:00,3849
2019-07-07 09:20:52.884499+00:00,3850
2019-07-07 09:20:53.250500+00:00,3851
2019-07-07 09:20:54.047999+00:00,3852
2019-07-07 09:20:54.187499+00:00,3853
2019-07-07 09:20:54.622499+00:00,3854
2019-07-07 09:20:54.707499+00:00,3855
2019-07-07 09:20:55.108499+00:00,3856
2019-07-07 09:20:55.601499+00:00,3857
2019-07-07 09:20:55.852499+00:00,3858
2019-07-07 09:20:56.520999+00:00,3859
2019-07-07 09:20:56.605999+00:00,3860
2019-07-07 09:20:56.986499+00:00,3861
2019-07-07 09:20:57.086499+00:00,3862
2019-07-07 09:20:57.387499+00:00,3863
2019-07-07 09:20:57.558499+00:00,3864
2019-07-07 09:20:58.016499+00:00,3865
2019-07-07 09:20:58.486499+00:00,3866
2019-07-07 09:20:58.570499+00:00,3867
2019-07-07 09:20:58.959999+00:00,3868
2019-07-07 09:20:59.057999+00:00,3869
2019-07-07 09:20:59.456499+00:00,3870
2019-07-07 09:20:59.939999+00:00,3871
2019-07-07 09:21:00.398999+00:00,3872
2019-07-07 09:21:00.864999+00:00,3873
2019-07-07 09:21:02.724499+00:00,3874
2019-07-07 09:21:03.207999+00:00,3875
2019-07-07 09:21:03.697999+00:00,3876
2019-07-07 09:21:04.152999+00:00,3877
2019-07-07 09:21:04.617999+00:00,3878
2019-07-07 09:21:05.132999+00:00,3879
2019-07-07 09:21:06.139499+00:00,3880
2019-07-07 09:21:06.528499+00:00,3881
2019-07-07 09:21:07.456999+00:00,3882
2019-07-07 09:21:07.920999+00:00,3883
2019-07-07 09:21:08.010999+00:00,3884
2019-07-07 09:21:08.398499+00:00,3885
2019-07-07 09:21:08.869999+00:00,3886
2019-07-07 09:21:09.132500+00:00,3887
2019-07-07 09:21:09.208499+00:00,3888
2019-07-07 09:21:09.808999+00:00,3889
2019-07-07 09:21:10.831999+00:00,3890
2019-07-07 09:21:11.318499+00:00,3891
2019-07-07 09:21:11.962999+00:00,3892
2019-07-07 09:21:12.278999+00:00,3893
2019-07-07 09:21:12.837999+00:00,3894
2019-07-07 09:21:13.304999+00:00,3895
2019-07-07 09:21:13.642499+00:00,3896
2019-07-07 09:21:13.921499+00:00,3897
2019-07-07 09:21:14.253999+00:00,3898
2019-07-07 09:21:14.388999+00:00,3899
2019-07-07 09:21:14.870000+00:00,3900
2019-07-07 09:21:15.186499+00:00,3901
2019-07-07 09:21:15.802499+00:00,3902
2019-07-07 09:21:16.059499+00:00,3903
2019-07-07 09:21:16.311500+00:00,3904
2019-07-07 09:21:16.421499+00:00,3905
2019-07-07 09:21:16.819499+00:00,3906
2019-07-07 09:21:16.926499+00:00,3907
2019-07-07 09:21:17.214499+00:00,3908
2019-07-07 09:21:17.394499+00:00,3909
2019-07-07 09:21:17.658999+00:00,3910
2019-07-07 09:21:17.832500+00:00,3911
2019-07-07 09:21:18.362499+00:00,3912
2019-07-07 09:21:18.450499+00:00,3913
2019-07-07 09:21:18.527999+00:00,3914
2019-07-07 09:21:18.818500+00:00,3915
2019-07-07 09:21:19.398499+00:00,3916
2019-07-07 09:21:19.924999+00:00,3917
2019-07-07 09:21:20.032500+00:00,3918
2019-07-07 09:21:20.194999+00:00,3919
2019-07-07 09:21:20.414999+00:00,3920
2019-07-07 09:21:20.602499+00:00,3921
2019-07-07 09:21:20.691499+00:00,3922
2019-07-07 09:21:21.074500+00:00,3923
2019-07-07 09:21:21.216499+00:00,3924
2019-07-07 09:21:21.593000+00:00,3925
2019-07-07 09:21:21.692499+00:00,3926
2019-07-07 09:21:22.156499+00:00,3927
2019-07-07 09:21:22.306499+00:00,3928
2019-07-07 09:21:22.799999+00:00,3929
2019-07-07 09:21:22.933499+00:00,3930
2019-07-07 09:21:23.280999+00:00,3931
2019-07-07 09:21:23.687999+00:00,3932
2019-07-07 09:21:23.874000+00:00,3933
2019-07-07 09:21:24.057499+00:00,3934
2019-07-07 09:21:24.140500+00:00,3935
2019-07-07 09:21:24.246499+00:00,3936
2019-07-07 09:21:24.508999+00:00,3937
2019-07-07 09:21:24.689499+00:00,3938
2019-07-07 09:21:25.063499+00:00,3939
2019-07-07 09:21:25.243999+00:00,3940
2019-07-07 09:21:25.459999+00:00,3941
2019-07-07 09:21:25.596999+00:00,3942
2019-07-07 09:21:26.068000+00:00,3943
2019-07-07 09:21:26.388499+00:00,3944
2019-07-07 09:21:26.528499+00:00,3945
2019-07-07 09:21:26.676499+00:00,3946
2019-07-07 09:21:26.757999+00:00,3947
2019-07-07 09:21:27.023499+00:00,3948
2019-07-07 09:21:27.339499+00:00,3949
2019-07-07 09:21:27.461999+00:00,3950
2019-07-07 09:21:27.633999+00:00,3951
2019-07-07 09:21:27.751500+00:00,3952
2019-07-07 09:21:28.043999+00:00,3953
2019-07-07 09:21:28.325999+00:00,3954
2019-07-07 09:21:28.733999+00:00,3955
2019-07-07 09:21:29.225999+00:00,3956
2019-07-07 09:21:29.300999+00:00,3957
2019-07-07 09:21:30.048999+00:00,3958
2019-07-07 09:21:30.637999+00:00,3959
2019-07-07 09:21:30.910999+00:00,3960
2019-07-07 09:21:31.411999+00:00,3961
2019-07-07 09:21:31.740999+00:00,3962
2019-07-07 09:21:31.893999+00:00,3963
2019-07-07 09:21:31.973999+00:00,3964
2019-07-07 09:21:32.293499+00:00,3965
2019-07-07 09:21:32.918999+00:00,3966
2019-07-07 09:21:33.371000+00:00,3967
2019-07-07 09:21:33.719499+00:00,3968
2019-07-07 09:21:33.988000+00:00,3969
2019-07-07 09:21:34.339999+00:00,3970
2019-07-07 09:21:35.784500+00:00,3971
2019-07-07 09:21:35.950000+00:00,3972
2019-07-07 09:21:36.175499+00:00,3973
2019-07-07 09:21:36.678499+00:00,3974
2019-07-07 09:21:36.890499+00:00,3975
2019-07-07 09:21:37.342499+00:00,3976
2019-07-07 09:21:37.792499+00:00,3977
2019-07-07 09:21:37.937499+00:00,3978
2019-07-07 09:21:38.302500+00:00,3979
2019-07-07 09:21:38.444500+00:00,3980
2019-07-07 09:21:38.531999+00:00,3981
2019-07-07 09:21:38.826499+00:00,3982
2019-07-07 09:21:38.938500+00:00,3983
2019-07-07 09:21:39.062999+00:00,3984
2019-07-07 09:21:39.460499+00:00,3985
2019-07-07 09:21:40.128499+00:00,3986
2019-07-07 09:21:40.936999+00:00,3987
2019-07-07 09:21:41.156499+00:00,3988
2019-07-07 09:21:41.247499+00:00,3989
2019-07-07 09:21:41.534499+00:00,3990
2019-07-07 09:21:41.610499+00:00,3991
2019-07-07 09:21:42.281499+00:00,3992
2019-07-07 09:21:42.357499+00:00,3993
2019-07-07 09:21:42.652499+00:00,3994
2019-07-07 09:21:43.984499+00:00,3995
2019-07-07 09:21:44.893499+00:00,3996
2019-07-07 09:21:45.367499+00:00,3997
2019-07-07 09:21:45.873499+00:00,3998
2019-07-07 09:21:46.221499+00:00,3999
2019-07-07 09:21:46.586999+00:00,4000
2019-07-07 09:21:46.760999+00:00,4001
2019-07-07 09:21:46.913999+00:00,4002
2019-07-07 09:21:46.987499+00:00,4003
2019-07-07 09:21:47.452999+00:00,4004
2019-07-07 09:21:47.635999+00:00,4005
2019-07-07 09:21:48.805499+00:00,4006
2019-07-07 09:21:48.920999+00:00,4007
2019-07-07 09:21:49.189499+00:00,4008
2019-07-07 09:21:49.389999+00:00,4009
2019-07-07 09:21:49.661499+00:00,4010
2019-07-07 09:21:50.297999+00:00,4011
2019-07-07 09:21:50.535000+00:00,4012
2019-07-07 09:21:50.875999+00:00,4013
2019-07-07 09:21:50.973999+00:00,4014
2019-07-07 09:21:51.228000+00:00,4015
2019-07-07 09:21:51.480499+00:00,4016
2019-07-07 09:21:51.721499+00:00,4017
2019-07-07 09:21:52.030499+00:00,4018
2019-07-07 09:21:52.118499+00:00,4019
2019-07-07 09:21:52.685499+00:00,4020
2019-07-07 09:21:53.176999+00:00,4021
2019-07-07 09:21:53.650999+00:00,4022
2019-07-07 09:21:53.764999+00:00,4023
2019-07-07 09:21:54.040999+00:00,4024
2019-07-07 09:21:54.214999+00:00,4025
2019-07-07 09:21:54.410999+00:00,4026
2019-07-07 09:21:54.505000+00:00,4027
2019-07-07 09:21:54.738000+00:00,4028
2019-07-07 09:21:55.487499+00:00,4029
2019-07-07 09:21:55.931999+00:00,4030
2019-07-07 09:21:56.444500+00:00,4031
2019-07-07 09:21:56.590999+00:00,4032
2019-07-07 09:21:56.686499+00:00,4033
2019-07-07 09:21:56.974999+00:00,4034
2019-07-07 09:21:57.185499+00:00,4035
2019-07-07 09:21:57.740999+00:00,4036
2019-07-07 09:21:57.820999+00:00,4037
2019-07-07 09:21:58.307499+00:00,4038
2019-07-07 09:21:58.711499+00:00,4039
2019-07-07 09:21:58.821499+00:00,4040
2019-07-07 09:21:59.125499+00:00,4041
2019-07-07 09:21:59.416999+00:00,4042
2019-07-07 09:21:59.680999+00:00,4043
2019-07-07 09:22:00.099000+00:00,4044
2019-07-07 09:22:00.494499+00:00,4045
2019-07-07 09:22:00.606500+00:00,4046
2019-07-07 09:22:00.684499+00:00,4047
2019-07-07 09:22:00.953999+00:00,4048
2019-07-07 09:22:01.047499+00:00,4049
2019-07-07 09:22:01.526999+00:00,4050
2019-07-07 09:22:01.800000+00:00,4051
2019-07-07 09:22:02.011499+00:00,4052
2019-07-07 09:22:02.106499+00:00,4053
2019-07-07 09:22:02.193999+00:00,4054
2019-07-07 09:22:02.372999+00:00,4055
2019-07-07 09:22:02.759499+00:00,4056
2019-07-07 09:22:02.849499+00:00,4057
2019-07-07 09:22:03.755499+00:00,4058
2019-07-07 09:22:03.914499+00:00,4059
2019-07-07 09:22:03.996499+00:00,4060
2019-07-07 09:22:04.215999+00:00,4061
2019-07-07 09:22:04.466499+00:00,4062
2019-07-07 09:22:04.624999+00:00,4063
2019-07-07 09:22:04.994999+00:00,4064
2019-07-07 09:22:05.260999+00:00,4065
2019-07-07 09:22:05.799499+00:00,4066
2019-07-07 09:22:06.048499+00:00,4067
2019-07-07 09:22:06.123500+00:00,4068
2019-07-07 09:22:06.197499+00:00,4069
2019-07-07 09:22:06.364500+00:00,4070
2019-07-07 09:22:06.673999+00:00,4071
2019-07-07 09:22:07.192499+00:00,4072
2019-07-07 09:22:07.538500+00:00,4073
2019-07-07 09:22:07.671499+00:00,4074
2019-07-07 09:22:08.003499+00:00,4075
2019-07-07 09:22:08.335999+00:00,4076
2019-07-07 09:22:08.457000+00:00,4077
2019-07-07 09:22:08.535499+00:00,4078
2019-07-07 09:22:08.700499+00:00,4079
2019-07-07 09:22:08.791500+00:00,4080
2019-07-07 09:22:08.870500+00:00,4081
2019-07-07 09:22:09.075999+00:00,4082
2019-07-07 09:22:09.539499+00:00,4083
2019-07-07 09:22:09.639000+00:00,4084
2019-07-07 09:22:10.022499+00:00,4085
2019-07-07 09:22:10.307499+00:00,4086
2019-07-07 09:22:10.575499+00:00,4087
2019-07-07 09:22:10.739999+00:00,4088
2019-07-07 09:22:11.002499+00:00,4089
2019-07-07 09:22:11.206999+00:00,4090
2019-07-07 09:22:11.528999+00:00,4091
2019-07-07 09:22:11.666499+00:00,4092
2019-07-07 09:22:12.167499+00:00,4093
2019-07-07 09:22:12.579999+00:00,4094
2019-07-07 09:22:12.867499+00:00,4095
2019-07-07 09:22:13.737999+00:00,4096
2019-07-07 09:22:14.136499+00:00,4097
2019-07-07 09:22:14.645499+00:00,4098
2019-07-07 09:22:15.102000+00:00,4099
2019-07-07 09:22:15.917499+00:00,4100
2019-07-07 09:22:16.418499+00:00,4101
2019-07-07 09:22:16.727500+00:00,4102
2019-07-07 09:22:17.480000+00:00,4103
2019-07-07 09:22:17.770500+00:00,4104
2019-07-07 09:22:18.321499+00:00,4105
2019-07-07 09:22:18.588999+00:00,4106
2019-07-07 09:22:18.892499+00:00,4107
2019-07-07 09:22:19.430499+00:00,4108
2019-07-07 09:22:19.695999+00:00,4109
2019-07-07 09:22:20.568499+00:00,4110
2019-07-07 09:22:21.078999+00:00,4111
2019-07-07 09:22:21.350499+00:00,4112
2019-07-07 09:22:21.621999+00:00,4113
2019-07-07 09:22:22.178000+00:00,4114
2019-07-07 09:22:22.692999+00:00,4115
2019-07-07 09:22:22.769999+00:00,4116
2019-07-07 09:22:23.207500+00:00,4117
2019-07-07 09:22:23.462999+00:00,4118
2019-07-07 09:22:23.783999+00:00,4119
2019-07-07 09:22:23.880000+00:00,4120
2019-07-07 09:22:23.961999+00:00,4121
2019-07-07 09:22:24.157499+00:00,4122
2019-07-07 09:22:24.381999+00:00,4123
2019-07-07 09:22:24.743499+00:00,4124
2019-07-07 09:22:25.064999+00:00,4125
2019-07-07 09:22:25.304499+00:00,4126
2019-07-07 09:22:25.944999+00:00,4127
2019-07-07 09:22:26.337999+00:00,4128
2019-07-07 09:22:26.916999+00:00,4129
2019-07-07 09:22:27.424999+00:00,4130
2019-07-07 09:22:28.389999+00:00,4131
2019-07-07 09:22:28.676499+00:00,4132
2019-07-07 09:22:29.192999+00:00,4133
2019-07-07 09:22:29.502499+00:00,4134
2019-07-07 09:22:29.968499+00:00,4135
2019-07-07 09:22:30.218999+00:00,4136
2019-07-07 09:22:31.049000+00:00,4137
2019-07-07 09:22:31.541999+00:00,4138
2019-07-07 09:22:31.759000+00:00,4139
2019-07-07 09:22:32.080499+00:00,4140
2019-07-07 09:22:32.630999+00:00,4141
2019-07-07 09:22:32.854499+00:00,4142
2019-07-07 09:22:33.140000+00:00,4143
2019-07-07 09:22:33.399499+00:00,4144
2019-07-07 09:22:33.739999+00:00,4145
2019-07-07 09:22:33.817999+00:00,4146
2019-07-07 09:22:34.217499+00:00,4147
2019-07-07 09:22:34.777499+00:00,4148
2019-07-07 09:22:35.301000+00:00,4149
2019-07-07 09:22:35.839499+00:00,4150
2019-07-07 09:22:36.372499+00:00,4151
2019-07-07 09:22:37.193499+00:00,4152
2019-07-07 09:22:38.089999+00:00,4153
2019-07-07 09:22:38.858499+00:00,4154
2019-07-07 09:22:39.662999+00:00,4155
2019-07-07 09:22:40.124499+00:00,4156
2019-07-07 09:22:40.631500+00:00,4157
2019-07-07 09:22:41.078499+00:00,4158
2019-07-07 09:22:41.552499+00:00,4159
2019-07-07 09:22:42.352499+00:00,4160
2019-07-07 09:22:43.186500+00:00,4161
2019-07-07 09:22:43.707999+00:00,4162
2019-07-07 09:22:44.152999+00:00,4163
2019-07-07 09:22:44.659999+00:00,4164
2019-07-07 09:22:44.760999+00:00,4165
2019-07-07 09:22:45.062499+00:00,4166
2019-07-07 09:22:45.229499+00:00,4167
2019-07-07 09:22:45.577000+00:00,4168
2019-07-07 09:22:45.977500+00:00,4169
2019-07-07 09:22:46.501999+00:00,4170
2019-07-07 09:22:46.607999+00:00,4171
2019-07-07 09:22:46.695500+00:00,4172
2019-07-07 09:22:46.908499+00:00,4173
2019-07-07 09:22:47.378999+00:00,4174
2019-07-07 09:22:48.309499+00:00,4175
2019-07-07 09:22:48.742499+00:00,4176
2019-07-07 09:22:49.256999+00:00,4177
2019-07-07 09:22:49.685999+00:00,4178
2019-07-07 09:22:50.203999+00:00,4179
2019-07-07 09:22:50.606999+00:00,4180
2019-07-07 09:22:50.836499+00:00,4181
2019-07-07 09:22:51.148999+00:00,4182
2019-07-07 09:22:51.648000+00:00,4183
2019-07-07 09:22:52.133999+00:00,4184
2019-07-07 09:22:52.637000+00:00,4185
2019-07-07 09:22:53.103499+00:00,4186
2019-07-07 09:22:53.195499+00:00,4187
2019-07-07 09:22:53.531499+00:00,4188
2019-07-07 09:22:53.718500+00:00,4189
2019-07-07 09:22:53.816499+00:00,4190
2019-07-07 09:22:54.051999+00:00,4191
2019-07-07 09:22:54.131999+00:00,4192
2019-07-07 09:22:54.608999+00:00,4193
2019-07-07 09:22:55.140999+00:00,4194
2019-07-07 09:22:55.607499+00:00,4195
2019-07-07 09:22:55.937499+00:00,4196
2019-07-07 09:22:56.239499+00:00,4197
2019-07-07 09:22:56.345500+00:00,4198
2019-07-07 09:22:56.782999+00:00,4199
2019-07-07 09:22:56.924499+00:00,4200
2019-07-07 09:22:57.263499+00:00,4201
2019-07-07 09:22:57.388500+00:00,4202
2019-07-07 09:22:58.068499+00:00,4203
2019-07-07 09:22:58.348999+00:00,4204
2019-07-07 09:22:58.591999+00:00,4205
2019-07-07 09:22:58.911499+00:00,4206
2019-07-07 09:22:58.995999+00:00,4207
2019-07-07 09:22:59.452999+00:00,4208
2019-07-07 09:23:00.040999+00:00,4209
2019-07-07 09:23:00.328999+00:00,4210
2019-07-07 09:23:00.592499+00:00,4211
2019-07-07 09:23:00.708999+00:00,4212
2019-07-07 09:23:00.841499+00:00,4213
2019-07-07 09:23:01.088499+00:00,4214
2019-07-07 09:23:01.348499+00:00,4215
2019-07-07 09:23:01.659999+00:00,4216
2019-07-07 09:23:02.239999+00:00,4217
2019-07-07 09:23:02.723499+00:00,4218
2019-07-07 09:23:02.850499+00:00,4219
2019-07-07 09:23:02.998999+00:00,4220
2019-07-07 09:23:03.529499+00:00,4221
2019-07-07 09:23:03.876499+00:00,4222
2019-07-07 09:23:04.383999+00:00,4223
2019-07-07 09:23:04.617000+00:00,4224
2019-07-07 09:23:04.891499+00:00,4225
2019-07-07 09:23:05.128499+00:00,4226
2019-07-07 09:23:05.474499+00:00,4227
2019-07-07 09:23:05.959999+00:00,4228
2019-07-07 09:23:06.230499+00:00,4229
2019-07-07 09:23:06.522499+00:00,4230
2019-07-07 09:23:07.108499+00:00,4231
2019-07-07 09:23:07.595999+00:00,4232
2019-07-07 09:23:07.860499+00:00,4233
2019-07-07 09:23:08.209499+00:00,4234
2019-07-07 09:23:08.713999+00:00,4235
2019-07-07 09:23:09.257499+00:00,4236
2019-07-07 09:23:09.773499+00:00,4237
2019-07-07 09:23:10.052499+00:00,4238
2019-07-07 09:23:10.327499+00:00,4239
2019-07-07 09:23:10.808499+00:00,4240
2019-07-07 09:23:10.955499+00:00,4241
2019-07-07 09:23:11.173499+00:00,4242
2019-07-07 09:23:11.461500+00:00,4243
2019-07-07 09:23:11.721499+00:00,4244
2019-07-07 09:23:11.948999+00:00,4245
2019-07-07 09:23:12.079999+00:00,4246
2019-07-07 09:23:12.368499+00:00,4247
2019-07-07 09:23:13.183499+00:00,4248
2019-07-07 09:23:13.670500+00:00,4249
2019-07-07 09:23:14.223499+00:00,4250
2019-07-07 09:23:14.682499+00:00,4251
2019-07-07 09:23:15.456499+00:00,4252
2019-07-07 09:23:15.726499+00:00,4253
2019-07-07 09:23:16.300999+00:00,4254
2019-07-07 09:23:17.091999+00:00,4255
2019-07-07 09:23:18.013499+00:00,4256
2019-07-07 09:23:18.466500+00:00,4257
2019-07-07 09:23:18.826499+00:00,4258
2019-07-07 09:23:19.587999+00:00,4259
2019-07-07 09:23:20.058999+00:00,4260
2019-07-07 09:23:20.558999+00:00,4261
2019-07-07 09:23:20.989999+00:00,4262
2019-07-07 09:23:21.492999+00:00,4263
2019-07-07 09:23:22.324999+00:00,4264
2019-07-07 09:23:22.440999+00:00,4265
2019-07-07 09:23:22.859999+00:00,4266
2019-07-07 09:23:23.086999+00:00,4267
2019-07-07 09:23:23.447999+00:00,4268
2019-07-07 09:23:24.000999+00:00,4269
2019-07-07 09:23:25.068999+00:00,4270
2019-07-07 09:23:25.311999+00:00,4271
2019-07-07 09:23:25.649000+00:00,4272
2019-07-07 09:23:27.244999+00:00,4273
2019-07-07 09:23:27.712999+00:00,4274
2019-07-07 09:23:28.091999+00:00,4275
2019-07-07 09:23:28.532499+00:00,4276
2019-07-07 09:23:28.830499+00:00,4277
2019-07-07 09:23:29.331999+00:00,4278
2019-07-07 09:23:29.909000+00:00,4279
2019-07-07 09:23:30.350500+00:00,4280
2019-07-07 09:23:30.871999+00:00,4281
2019-07-07 09:23:31.402999+00:00,4282
2019-07-07 09:23:32.438499+00:00,4283
2019-07-07 09:23:32.681499+00:00,4284
2019-07-07 09:23:33.534999+00:00,4285
2019-07-07 09:23:34.015999+00:00,4286
2019-07-07 09:23:34.344499+00:00,4287
2019-07-07 09:23:35.178999+00:00,4288
2019-07-07 09:23:35.253999+00:00,4289
2019-07-07 09:23:35.683999+00:00,4290
2019-07-07 09:23:36.248499+00:00,4291
2019-07-07 09:23:36.499999+00:00,4292
2019-07-07 09:23:36.608999+00:00,4293
2019-07-07 09:23:36.740999+00:00,4294
2019-07-07 09:23:37.020000+00:00,4295
2019-07-07 09:23:37.146499+00:00,4296
2019-07-07 09:23:37.649499+00:00,4297
2019-07-07 09:23:37.773499+00:00,4298
2019-07-07 09:23:38.201499+00:00,4299
2019-07-07 09:23:38.292499+00:00,4300
2019-07-07 09:23:38.598999+00:00,4301
2019-07-07 09:23:39.093999+00:00,4302
2019-07-07 09:23:39.174999+00:00,4303
2019-07-07 09:23:39.690999+00:00,4304
2019-07-07 09:23:40.874999+00:00,4305
2019-07-07 09:23:41.018500+00:00,4306
2019-07-07 09:23:41.353499+00:00,4307
2019-07-07 09:23:41.508999+00:00,4308
2019-07-07 09:23:41.663999+00:00,4309
2019-07-07 09:23:41.846499+00:00,4310
2019-07-07 09:23:42.234999+00:00,4311
2019-07-07 09:23:42.358999+00:00,4312
2019-07-07 09:23:42.467999+00:00,4313
2019-07-07 09:23:42.577999+00:00,4314
2019-07-07 09:23:42.940000+00:00,4315
2019-07-07 09:23:43.373999+00:00,4316
2019-07-07 09:23:43.452999+00:00,4317
2019-07-07 09:23:43.922499+00:00,4318
2019-07-07 09:23:44.390499+00:00,4319
2019-07-07 09:23:44.731000+00:00,4320
2019-07-07 09:23:45.272499+00:00,4321
2019-07-07 09:23:45.777999+00:00,4322
2019-07-07 09:23:46.026999+00:00,4323
2019-07-07 09:23:46.358999+00:00,4324
2019-07-07 09:23:47.103000+00:00,4325
2019-07-07 09:23:47.177999+00:00,4326
2019-07-07 09:23:47.391999+00:00,4327
2019-07-07 09:23:47.494999+00:00,4328
2019-07-07 09:23:47.731499+00:00,4329
2019-07-07 09:23:47.817499+00:00,4330
2019-07-07 09:23:48.277499+00:00,4331
2019-07-07 09:23:48.830499+00:00,4332
2019-07-07 09:23:48.984499+00:00,4333
2019-07-07 09:23:49.278999+00:00,4334
2019-07-07 09:23:49.818499+00:00,4335
2019-07-07 09:23:50.242499+00:00,4336
2019-07-07 09:23:50.357500+00:00,4337
2019-07-07 09:23:50.768000+00:00,4338
2019-07-07 09:23:51.107999+00:00,4339
2019-07-07 09:23:51.508499+00:00,4340
2019-07-07 09:23:51.831499+00:00,4341
2019-07-07 09:23:52.227499+00:00,4342
2019-07-07 09:23:53.418999+00:00,4343
2019-07-07 09:23:53.873500+00:00,4344
2019-07-07 09:23:54.329499+00:00,4345
2019-07-07 09:23:54.419499+00:00,4346
2019-07-07 09:23:54.812499+00:00,4347
2019-07-07 09:23:56.395999+00:00,4348
2019-07-07 09:23:56.795999+00:00,4349
2019-07-07 09:23:57.512499+00:00,4350
2019-07-07 09:23:57.593499+00:00,4351
2019-07-07 09:23:58.094499+00:00,4352
2019-07-07 09:23:58.753500+00:00,4353
2019-07-07 09:23:59.171499+00:00,4354
2019-07-07 09:24:00.654999+00:00,4355
2019-07-07 09:24:02.665499+00:00,4356
2019-07-07 09:24:04.703499+00:00,4357
2019-07-07 09:24:05.410999+00:00,4358
2019-07-07 09:24:06.733999+00:00,4359
2019-07-07 09:24:07.729999+00:00,4360
2019-07-07 09:24:08.089499+00:00,4361
2019-07-07 09:24:08.403999+00:00,4362
2019-07-07 09:24:08.480999+00:00,4363
2019-07-07 09:24:08.708999+00:00,4364
2019-07-07 09:24:09.161000+00:00,4365
2019-07-07 09:24:09.550499+00:00,4366
2019-07-07 09:24:09.650999+00:00,4367
2019-07-07 09:24:09.871499+00:00,4368
2019-07-07 09:24:10.380999+00:00,4369
2019-07-07 09:24:11.346499+00:00,4370
2019-07-07 09:24:11.810999+00:00,4371
2019-07-07 09:24:13.397999+00:00,4372
2019-07-07 09:24:13.778500+00:00,4373
2019-07-07 09:24:13.867999+00:00,4374
2019-07-07 09:24:14.425499+00:00,4375
2019-07-07 09:24:22.179999+00:00,4376
2019-07-07 09:24:22.713499+00:00,4377
2019-07-07 09:24:23.419000+00:00,4378
2019-07-07 09:24:23.746999+00:00,4379
2019-07-07 09:24:24.309999+00:00,4380
2019-07-07 09:24:24.673999+00:00,4381
2019-07-07 09:24:25.043999+00:00,4382
2019-07-07 09:24:25.483999+00:00,4383
2019-07-07 09:24:26.608000+00:00,4384
2019-07-07 09:24:27.557999+00:00,4385
2019-07-07 09:24:27.854999+00:00,4386
2019-07-07 09:24:28.067999+00:00,4387
2019-07-07 09:24:28.276999+00:00,4388
2019-07-07 09:24:34.024499+00:00,4389
2019-07-07 09:24:35.484499+00:00,4390
2019-07-07 09:24:37.452499+00:00,4391
2019-07-07 09:24:38.448999+00:00,4392
2019-07-07 09:24:38.962499+00:00,4393
2019-07-07 09:24:39.831499+00:00,4394
2019-07-07 09:24:39.943499+00:00,4395
2019-07-07 09:24:40.184999+00:00,4396
2019-07-07 09:24:42.922999+00:00,4397
2019-07-07 09:24:43.238999+00:00,4398
2019-07-07 09:24:43.771999+00:00,4399
2019-07-07 09:24:56.367999+00:00,4400
2019-07-07 09:24:56.720499+00:00,4401
2019-07-07 09:24:57.026499+00:00,4402
2019-07-07 09:24:57.268999+00:00,4403
2019-07-07 09:24:57.501999+00:00,4404
2019-07-07 09:25:08.106999+00:00,4405
2019-07-07 09:25:08.528999+00:00,4406
2019-07-07 09:25:15.960499+00:00,4407
2019-07-07 09:25:16.328499+00:00,4408
2019-07-07 09:25:20.063000+00:00,4409
2019-07-07 09:25:20.357999+00:00,4410
2019-07-07 09:25:20.835999+00:00,4411
2019-07-07 09:25:20.960999+00:00,4412
2019-07-07 09:25:21.118999+00:00,4413
2019-07-07 09:25:21.229999+00:00,4414
2019-07-07 09:25:21.876000+00:00,4415
2019-07-07 09:25:22.118499+00:00,4416
2019-07-07 09:25:22.901999+00:00,4417
2019-07-07 09:25:23.015999+00:00,4418
2019-07-07 09:25:23.399499+00:00,4419
2019-07-07 09:25:23.705499+00:00,4420
2019-07-07 09:25:24.066999+00:00,4421
2019-07-07 09:25:24.518000+00:00,4422
2019-07-07 09:25:25.012499+00:00,4423
2019-07-07 09:25:33.441499+00:00,4424
2019-07-07 09:25:33.940500+00:00,4425
2019-07-07 09:25:34.043499+00:00,4426
2019-07-07 09:25:34.178499+00:00,4427
2019-07-07 09:25:34.300500+00:00,4428
2019-07-07 09:25:34.536999+00:00,4429
2019-07-07 09:25:34.663999+00:00,4430
2019-07-07 09:25:34.797499+00:00,4431
2019-07-07 09:25:35.558499+00:00,4432
2019-07-07 09:25:36.414999+00:00,4433
2019-07-07 09:25:36.628999+00:00,4434
2019-07-07 09:25:36.769499+00:00,4435
2019-07-07 09:25:36.908999+00:00,4436
2019-07-07 09:25:37.084499+00:00,4437
2019-07-07 09:25:37.228499+00:00,4438
2019-07-07 09:25:37.334499+00:00,4439
2019-07-07 09:25:38.102499+00:00,4440
2019-07-07 09:25:38.478499+00:00,4441
2019-07-07 09:25:38.554499+00:00,4442
2019-07-07 09:25:38.653499+00:00,4443
2019-07-07 09:25:38.753499+00:00,4444
2019-07-07 09:25:38.893999+00:00,4445
2019-07-07 09:25:39.226499+00:00,4446
2019-07-07 09:25:39.429999+00:00,4447
2019-07-07 09:25:39.596999+00:00,4448
2019-07-07 09:25:39.678999+00:00,4449
2019-07-07 09:25:39.767000+00:00,4450
2019-07-07 09:25:40.197499+00:00,4451
2019-07-07 09:25:40.348499+00:00,4452
2019-07-07 09:25:40.521499+00:00,4453
2019-07-07 09:25:40.803999+00:00,4454
2019-07-07 09:25:41.466999+00:00,4455
2019-07-07 09:25:42.041499+00:00,4456
2019-07-07 09:25:42.515499+00:00,4457
2019-07-07 09:25:42.829999+00:00,4458
2019-07-07 09:25:42.904499+00:00,4459
2019-07-07 09:25:43.234499+00:00,4460
2019-07-07 09:25:43.331499+00:00,4461
2019-07-07 09:25:43.775499+00:00,4462
2019-07-07 09:25:44.874499+00:00,4463
2019-07-07 09:25:45.137999+00:00,4464
2019-07-07 09:25:45.537500+00:00,4465
2019-07-07 09:25:46.042000+00:00,4466
2019-07-07 09:25:46.482999+00:00,4467
2019-07-07 09:25:47.073999+00:00,4468
2019-07-07 09:25:47.478999+00:00,4469
2019-07-07 09:25:48.071999+00:00,4470
2019-07-07 09:25:48.876999+00:00,4471
2019-07-07 09:25:49.399999+00:00,4472
2019-07-07 09:25:49.711000+00:00,4473
2019-07-07 09:25:50.210999+00:00,4474
2019-07-07 09:25:50.513999+00:00,4475
2019-07-07 09:25:51.431999+00:00,4476
2019-07-07 09:25:51.877999+00:00,4477
2019-07-07 09:25:52.154999+00:00,4478
2019-07-07 09:25:53.014499+00:00,4479
2019-07-07 09:25:53.093499+00:00,4480
2019-07-07 09:25:53.469499+00:00,4481
2019-07-07 09:25:53.731999+00:00,4482
2019-07-07 09:25:54.551499+00:00,4483
2019-07-07 09:25:54.801499+00:00,4484
2019-07-07 09:25:55.034499+00:00,4485
2019-07-07 09:25:55.247499+00:00,4486
2019-07-07 09:25:55.631499+00:00,4487
2019-07-07 09:25:55.824999+00:00,4488
2019-07-07 09:25:56.044999+00:00,4489
2019-07-07 09:25:56.601499+00:00,4490
2019-07-07 09:25:57.040499+00:00,4491
2019-07-07 09:25:57.156499+00:00,4492
2019-07-07 09:25:57.376499+00:00,4493
2019-07-07 09:25:58.134500+00:00,4494
2019-07-07 09:25:58.835999+00:00,4495
2019-07-07 09:26:01.946499+00:00,4496
2019-07-07 09:26:02.510499+00:00,4497
2019-07-07 09:26:02.822999+00:00,4498
2019-07-07 09:26:02.929999+00:00,4499
2019-07-07 09:26:03.352500+00:00,4500
2019-07-07 09:26:03.699499+00:00,4501
2019-07-07 09:26:03.817499+00:00,4502
2019-07-07 09:26:04.220999+00:00,4503
2019-07-07 09:26:04.393999+00:00,4504
2019-07-07 09:26:04.594500+00:00,4505
2019-07-07 09:26:04.896499+00:00,4506
2019-07-07 09:26:05.066999+00:00,4507
2019-07-07 09:26:05.152999+00:00,4508
2019-07-07 09:26:05.620999+00:00,4509
2019-07-07 09:26:06.871999+00:00,4510
2019-07-07 09:26:07.652499+00:00,4511
2019-07-07 09:26:08.524500+00:00,4512
2019-07-07 09:26:09.093999+00:00,4513
2019-07-07 09:26:09.590999+00:00,4514
2019-07-07 09:26:10.303999+00:00,4515
2019-07-07 09:26:10.631999+00:00,4516
2019-07-07 09:26:11.095999+00:00,4517
2019-07-07 09:26:11.823499+00:00,4518
2019-07-07 09:26:15.330499+00:00,4519
2019-07-07 09:26:24.708999+00:00,4520
2019-07-07 09:26:25.767499+00:00,4521
2019-07-07 09:26:25.972999+00:00,4522
2019-07-07 09:26:26.490499+00:00,4523
2019-07-07 09:26:29.350499+00:00,4524
2019-07-07 09:26:31.700499+00:00,4525
2019-07-07 09:26:32.169499+00:00,4526
2019-07-07 09:26:32.641499+00:00,4527
2019-07-07 09:26:37.010999+00:00,4528
2019-07-07 09:26:39.448499+00:00,4529
2019-07-07 09:26:39.803999+00:00,4530
2019-07-07 09:26:40.608499+00:00,4531
2019-07-07 09:26:40.946499+00:00,4532
2019-07-07 09:26:41.389499+00:00,4533
2019-07-07 09:26:41.882499+00:00,4534
2019-07-07 09:26:42.294999+00:00,4535
2019-07-07 09:26:42.719999+00:00,4536
2019-07-07 09:26:43.119999+00:00,4537
2019-07-07 09:26:43.517499+00:00,4538
2019-07-07 09:26:43.837499+00:00,4539
2019-07-07 09:26:44.579999+00:00,4540
2019-07-07 09:26:45.232499+00:00,4541
2019-07-07 09:26:46.535499+00:00,4542
2019-07-07 09:26:49.885500+00:00,4543
2019-07-07 09:26:50.175999+00:00,4544
2019-07-07 09:26:50.778499+00:00,4545
2019-07-07 09:27:06.092999+00:00,4546
2019-07-07 09:27:06.633499+00:00,4547
2019-07-07 09:27:07.627499+00:00,4548
2019-07-07 09:27:08.063499+00:00,4549
2019-07-07 09:27:09.237999+00:00,4550
2019-07-07 09:27:09.412999+00:00,4551
2019-07-07 09:27:09.662499+00:00,4552
2019-07-07 09:27:09.908499+00:00,4553
2019-07-07 09:27:10.042999+00:00,4554
2019-07-07 09:27:10.218500+00:00,4555
2019-07-07 09:27:10.848500+00:00,4556
2019-07-07 09:27:11.041499+00:00,4557
2019-07-07 09:27:14.256999+00:00,4558
2019-07-07 09:27:14.658999+00:00,4559
2019-07-07 09:27:14.941999+00:00,4560
2019-07-07 09:27:15.089999+00:00,4561
2019-07-07 09:27:15.477499+00:00,4562
2019-07-07 09:27:15.853999+00:00,4563
2019-07-07 09:27:15.933999+00:00,4564
2019-07-07 09:27:16.179999+00:00,4565
2019-07-07 09:27:16.500499+00:00,4566
2019-07-07 09:27:16.598499+00:00,4567
2019-07-07 09:27:17.378499+00:00,4568
2019-07-07 09:27:17.471499+00:00,4569
2019-07-07 09:27:17.845499+00:00,4570
2019-07-07 09:27:17.926499+00:00,4571
2019-07-07 09:27:18.008499+00:00,4572
2019-07-07 09:27:18.235999+00:00,4573
2019-07-07 09:27:18.669999+00:00,4574
2019-07-07 09:27:18.851999+00:00,4575
2019-07-07 09:27:19.188999+00:00,4576
2019-07-07 09:27:19.339999+00:00,4577
2019-07-07 09:27:19.850999+00:00,4578
2019-07-07 09:27:20.149999+00:00,4579
2019-07-07 09:27:20.408999+00:00,4580
2019-07-07 09:27:20.886999+00:00,4581
2019-07-07 09:27:20.984999+00:00,4582
2019-07-07 09:27:21.356499+00:00,4583
2019-07-07 09:27:21.683999+00:00,4584
2019-07-07 09:27:23.474999+00:00,4585
2019-07-07 09:27:24.359999+00:00,4586
2019-07-07 09:27:25.045000+00:00,4587
2019-07-07 09:27:28.664499+00:00,4588
2019-07-07 09:27:31.069999+00:00,4589
2019-07-07 09:27:31.387999+00:00,4590
2019-07-07 09:27:31.491000+00:00,4591
2019-07-07 09:27:33.352999+00:00,4592
2019-07-07 09:27:33.871999+00:00,4593
2019-07-07 09:27:35.263999+00:00,4594
2019-07-07 09:27:35.971999+00:00,4595
2019-07-07 09:27:36.799999+00:00,4596
2019-07-07 09:27:36.889999+00:00,4597
2019-07-07 09:27:37.337999+00:00,4598
2019-07-07 09:27:37.445999+00:00,4599
2019-07-07 09:27:37.817000+00:00,4600
2019-07-07 09:27:37.903999+00:00,4601
2019-07-07 09:27:38.131499+00:00,4602
2019-07-07 09:27:38.321499+00:00,4603
2019-07-07 09:27:38.674499+00:00,4604
2019-07-07 09:27:39.156499+00:00,4605
2019-07-07 09:27:39.519500+00:00,4606
2019-07-07 09:27:39.636499+00:00,4607
2019-07-07 09:27:40.294500+00:00,4608
2019-07-07 09:27:41.893500+00:00,4609
2019-07-07 09:27:42.703999+00:00,4610
2019-07-07 09:27:45.827999+00:00,4611
2019-07-07 09:27:48.876000+00:00,4612
2019-07-07 09:27:49.644999+00:00,4613
2019-07-07 09:27:55.057999+00:00,4614
2019-07-07 09:27:55.429999+00:00,4615
2019-07-07 09:27:57.247499+00:00,4616
2019-07-07 09:27:57.615499+00:00,4617
2019-07-07 09:27:58.014499+00:00,4618
2019-07-07 09:27:58.614499+00:00,4619
2019-07-07 09:27:58.712499+00:00,4620
2019-07-07 09:27:59.073499+00:00,4621
2019-07-07 09:27:59.308499+00:00,4622
2019-07-07 09:27:59.990999+00:00,4623
2019-07-07 09:28:01.202999+00:00,4624
2019-07-07 09:28:01.560999+00:00,4625
2019-07-07 09:28:01.900499+00:00,4626
2019-07-07 09:28:02.405499+00:00,4627
2019-07-07 09:28:03.025499+00:00,4628
2019-07-07 09:28:03.632499+00:00,4629
2019-07-07 09:28:03.717499+00:00,4630
2019-07-07 09:28:04.273000+00:00,4631
2019-07-07 09:28:05.049499+00:00,4632
2019-07-07 09:28:05.532499+00:00,4633
2019-07-07 09:28:05.807999+00:00,4634
2019-07-07 09:28:06.658999+00:00,4635
2019-07-07 09:28:06.723000+00:00,4636
2019-07-07 09:28:07.008999+00:00,4637
2019-07-07 09:28:07.442999+00:00,4638
2019-07-07 09:28:07.732999+00:00,4639
2019-07-07 09:28:08.022499+00:00,4640
2019-07-07 09:28:08.365999+00:00,4641
2019-07-07 09:28:08.556499+00:00,4642
2019-07-07 09:28:08.866999+00:00,4643
2019-07-07 09:28:09.582999+00:00,4644
2019-07-07 09:28:09.658999+00:00,4645
2019-07-07 09:28:09.915999+00:00,4646
2019-07-07 09:28:10.197000+00:00,4647
2019-07-07 09:28:10.405999+00:00,4648
2019-07-07 09:28:10.961999+00:00,4649
2019-07-07 09:28:11.278999+00:00,4650
2019-07-07 09:28:11.558999+00:00,4651
2019-07-07 09:28:16.476999+00:00,4652
2019-07-07 09:28:18.273999+00:00,4653
2019-07-07 09:28:18.475999+00:00,4654
2019-07-07 09:28:18.675999+00:00,4655
2019-07-07 09:28:18.784499+00:00,4656
2019-07-07 09:28:19.299000+00:00,4657
2019-07-07 09:28:19.401999+00:00,4658
2019-07-07 09:28:26.998999+00:00,4659
2019-07-07 09:28:28.867499+00:00,4660
2019-07-07 09:28:29.581499+00:00,4661
2019-07-07 09:28:29.943500+00:00,4662
2019-07-07 09:28:31.037999+00:00,4663
2019-07-07 09:28:32.931499+00:00,4664
2019-07-07 09:28:33.982499+00:00,4665
2019-07-07 09:28:34.172999+00:00,4666
2019-07-07 09:28:34.925999+00:00,4667
2019-07-07 09:28:35.032999+00:00,4668
2019-07-07 09:28:35.178499+00:00,4669
2019-07-07 09:28:35.438499+00:00,4670
2019-07-07 09:28:35.616999+00:00,4671
2019-07-07 09:28:35.929499+00:00,4672
2019-07-07 09:28:36.040499+00:00,4673
2019-07-07 09:28:38.354999+00:00,4674
2019-07-07 09:28:38.688999+00:00,4675
2019-07-07 09:28:38.778999+00:00,4676
2019-07-07 09:28:39.028499+00:00,4677
2019-07-07 09:28:39.604499+00:00,4678
2019-07-07 09:28:40.099499+00:00,4679
2019-07-07 09:28:40.617999+00:00,4680
2019-07-07 09:28:41.047499+00:00,4681
2019-07-07 09:28:42.072499+00:00,4682
2019-07-07 09:28:42.542499+00:00,4683
2019-07-07 09:28:42.853999+00:00,4684
2019-07-07 09:28:43.010999+00:00,4685
2019-07-07 09:28:43.347499+00:00,4686
2019-07-07 09:28:43.423499+00:00,4687
2019-07-07 09:28:44.275000+00:00,4688
2019-07-07 09:28:44.836999+00:00,4689
2019-07-07 09:28:45.277999+00:00,4690
2019-07-07 09:28:45.607000+00:00,4691
2019-07-07 09:28:46.547999+00:00,4692
2019-07-07 09:28:46.995999+00:00,4693
2019-07-07 09:28:47.505999+00:00,4694
2019-07-07 09:28:47.605999+00:00,4695
2019-07-07 09:28:47.993999+00:00,4696
2019-07-07 09:28:48.526999+00:00,4697
2019-07-07 09:28:49.334999+00:00,4698
2019-07-07 09:28:50.224499+00:00,4699
2019-07-07 09:28:50.576999+00:00,4700
2019-07-07 09:28:51.077999+00:00,4701
2019-07-07 09:28:51.194999+00:00,4702
2019-07-07 09:28:51.698999+00:00,4703
2019-07-07 09:28:51.996999+00:00,4704
2019-07-07 09:28:52.380999+00:00,4705
2019-07-07 09:28:52.598000+00:00,4706
2019-07-07 09:28:52.751499+00:00,4707
2019-07-07 09:28:53.256499+00:00,4708
2019-07-07 09:28:53.620999+00:00,4709
2019-07-07 09:28:54.190499+00:00,4710
2019-07-07 09:28:59.314999+00:00,4711
2019-07-07 09:29:01.904999+00:00,4712
2019-07-07 09:29:02.036499+00:00,4713
2019-07-07 09:29:02.608500+00:00,4714
2019-07-07 09:29:02.859999+00:00,4715
2019-07-07 09:29:03.182999+00:00,4716
2019-07-07 09:29:03.611499+00:00,4717
2019-07-07 09:29:03.876000+00:00,4718
2019-07-07 09:29:04.101499+00:00,4719
2019-07-07 09:29:04.407999+00:00,4720
2019-07-07 09:29:04.561999+00:00,4721
2019-07-07 09:29:04.727499+00:00,4722
2019-07-07 09:29:05.045999+00:00,4723
2019-07-07 09:29:05.155000+00:00,4724
2019-07-07 09:29:05.973999+00:00,4725
2019-07-07 09:29:06.373999+00:00,4726
2019-07-07 09:29:07.417999+00:00,4727
2019-07-07 09:29:09.405999+00:00,4728
2019-07-07 09:29:09.489999+00:00,4729
2019-07-07 09:29:09.985999+00:00,4730
2019-07-07 09:29:10.484999+00:00,4731
2019-07-07 09:29:10.917999+00:00,4732
2019-07-07 09:29:13.943999+00:00,4733
2019-07-07 09:29:14.223999+00:00,4734
2019-07-07 09:29:14.932499+00:00,4735
2019-07-07 09:29:15.267999+00:00,4736
2019-07-07 09:29:15.620999+00:00,4737
2019-07-07 09:29:15.933999+00:00,4738
2019-07-07 09:29:23.554499+00:00,4739
2019-07-07 09:29:24.059499+00:00,4740
2019-07-07 09:29:27.302499+00:00,4741
2019-07-07 09:29:29.287499+00:00,4742
2019-07-07 09:29:30.830999+00:00,4743
2019-07-07 09:29:34.336999+00:00,4744
2019-07-07 09:29:34.495999+00:00,4745
2019-07-07 09:29:36.019999+00:00,4746
2019-07-07 09:29:37.119999+00:00,4747
2019-07-07 09:29:38.265999+00:00,4748
2019-07-07 09:29:38.607999+00:00,4749
2019-07-07 09:29:45.548999+00:00,4750
2019-07-07 09:29:45.912999+00:00,4751
2019-07-07 09:29:48.232999+00:00,4752
2019-07-07 09:29:48.464499+00:00,4753
2019-07-07 09:29:49.133999+00:00,4754
2019-07-07 09:29:49.215999+00:00,4755
2019-07-07 09:29:49.434499+00:00,4756
2019-07-07 09:29:49.537499+00:00,4757
2019-07-07 09:29:49.777499+00:00,4758
2019-07-07 09:29:49.865499+00:00,4759
2019-07-07 09:29:49.942499+00:00,4760
2019-07-07 09:29:50.941999+00:00,4761
2019-07-07 09:29:51.810500+00:00,4762
2019-07-07 09:29:52.053999+00:00,4763
2019-07-07 09:29:52.446999+00:00,4764
2019-07-07 09:29:52.655999+00:00,4765
2019-07-07 09:29:53.492499+00:00,4766
2019-07-07 09:29:54.085999+00:00,4767
2019-07-07 09:29:54.415999+00:00,4768
2019-07-07 09:29:54.933999+00:00,4769
2019-07-07 09:29:58.575999+00:00,4770
2019-07-07 09:30:04.582499+00:00,4771
2019-07-07 09:30:05.094498+00:00,4772
2019-07-07 09:30:05.418999+00:00,4773
2019-07-07 09:30:05.852499+00:00,4774
2019-07-07 09:30:05.919499+00:00,4775
2019-07-07 09:30:05.942999+00:00,4776
2019-07-07 09:30:06.471499+00:00,4777
2019-07-07 09:30:06.735999+00:00,4778
2019-07-07 09:30:07.030999+00:00,4779
2019-07-07 09:30:11.227999+00:00,4780
2019-07-07 09:30:11.884999+00:00,4781
2019-07-07 09:30:12.419999+00:00,4782
2019-07-07 09:30:19.534499+00:00,4783
2019-07-07 09:30:27.017498+00:00,4784
2019-07-07 09:30:27.450499+00:00,4785
2019-07-07 09:30:43.086499+00:00,4786
2019-07-07 09:30:46.336999+00:00,4787
2019-07-07 09:30:47.805999+00:00,4788
2019-07-07 09:30:51.846999+00:00,4789
2019-07-07 09:30:58.696499+00:00,4790
2019-07-07 09:31:06.876499+00:00,4791
2019-07-07 09:31:14.955498+00:00,4792
2019-07-07 09:31:16.609499+00:00,4793
2019-07-07 09:31:17.511499+00:00,4794
2019-07-07 09:31:17.916499+00:00,4795
2019-07-07 09:31:18.464499+00:00,4796
2019-07-07 09:31:19.914999+00:00,4797
2019-07-07 09:31:20.056999+00:00,4798
2019-07-07 09:31:20.145499+00:00,4799
2019-07-07 09:31:20.346999+00:00,4800
2019-07-07 09:31:20.514999+00:00,4801
2019-07-07 09:31:21.320998+00:00,4802
2019-07-07 09:31:21.551999+00:00,4803
2019-07-07 09:31:21.766998+00:00,4804
2019-07-07 09:31:22.422999+00:00,4805
2019-07-07 09:31:22.937499+00:00,4806
2019-07-07 09:31:23.164499+00:00,4807
2019-07-07 09:31:23.252499+00:00,4808
2019-07-07 09:31:23.395499+00:00,4809
2019-07-07 09:31:24.814499+00:00,4810
2019-07-07 09:31:25.214999+00:00,4811
2019-07-07 09:31:25.578999+00:00,4812
2019-07-07 09:31:26.115499+00:00,4813
2019-07-07 09:31:26.227498+00:00,4814
2019-07-07 09:31:27.029999+00:00,4815
2019-07-07 09:31:27.409999+00:00,4816
2019-07-07 09:31:28.192499+00:00,4817
2019-07-07 09:31:29.285499+00:00,4818
2019-07-07 09:31:29.628499+00:00,4819
2019-07-07 09:31:29.980499+00:00,4820
2019-07-07 09:31:58.838499+00:00,4821
2019-07-07 09:31:59.188499+00:00,4822
2019-07-07 09:31:59.564499+00:00,4823
2019-07-07 09:32:01.005999+00:00,4824
2019-07-07 09:32:02.724999+00:00,4825
2019-07-07 09:32:03.423999+00:00,4826
2019-07-07 09:32:03.701999+00:00,4827
2019-07-07 09:32:03.932999+00:00,4828
2019-07-07 09:32:04.221999+00:00,4829
2019-07-07 09:32:05.368999+00:00,4830
2019-07-07 09:32:05.905999+00:00,4831
2019-07-07 09:32:06.381999+00:00,4832
2019-07-07 09:32:06.630999+00:00,4833
2019-07-07 09:32:06.705999+00:00,4834
2019-07-07 09:32:07.048999+00:00,4835
2019-07-07 09:32:07.326999+00:00,4836
2019-07-07 09:32:07.468499+00:00,4837
2019-07-07 09:32:10.535999+00:00,4838
2019-07-07 09:32:10.806999+00:00,4839
2019-07-07 09:32:11.025999+00:00,4840
2019-07-07 09:32:29.277999+00:00,4841
2019-07-07 09:32:29.445499+00:00,4842
2019-07-07 09:32:29.702999+00:00,4843
2019-07-07 09:32:30.033999+00:00,4844
2019-07-07 09:32:30.130999+00:00,4845
2019-07-07 09:32:32.547499+00:00,4846
2019-07-07 09:32:33.071999+00:00,4847
2019-07-07 09:32:33.569999+00:00,4848
2019-07-07 09:32:34.061499+00:00,4849
2019-07-07 09:32:34.508999+00:00,4850
2019-07-07 09:32:36.725999+00:00,4851
2019-07-07 09:32:37.036999+00:00,4852
2019-07-07 09:32:37.425999+00:00,4853
2019-07-07 09:32:37.623499+00:00,4854
2019-07-07 09:32:38.007499+00:00,4855
2019-07-07 09:32:38.385499+00:00,4856
2019-07-07 09:32:41.617499+00:00,4857
2019-07-07 09:32:41.796999+00:00,4858
2019-07-07 09:32:46.964499+00:00,4859
2019-07-07 09:32:47.042499+00:00,4860
2019-07-07 09:32:47.266999+00:00,4861
2019-07-07 09:32:47.696499+00:00,4862
2019-07-07 09:33:03.662498+00:00,4863
2019-07-07 09:33:07.747499+00:00,4864
2019-07-07 09:33:07.850499+00:00,4865
2019-07-07 09:33:08.163999+00:00,4866
2019-07-07 09:33:08.404499+00:00,4867
2019-07-07 09:33:08.558498+00:00,4868
2019-07-07 09:33:20.003999+00:00,4869
2019-07-07 09:33:20.133999+00:00,4870
2019-07-07 09:33:20.796499+00:00,4871
2019-07-07 09:33:21.155999+00:00,4872
2019-07-07 09:33:21.572999+00:00,4873
2019-07-07 09:33:21.901999+00:00,4874
2019-07-07 09:33:22.687999+00:00,4875
2019-07-07 09:33:22.939999+00:00,4876
2019-07-07 09:33:23.483499+00:00,4877
2019-07-07 09:33:23.588499+00:00,4878
2019-07-07 09:33:23.866499+00:00,4879
2019-07-07 09:33:23.946499+00:00,4880
2019-07-07 09:33:24.380499+00:00,4881
2019-07-07 09:33:25.178499+00:00,4882
2019-07-07 09:33:25.843999+00:00,4883
2019-07-07 09:33:26.221999+00:00,4884
2019-07-07 09:33:26.571999+00:00,4885
2019-07-07 09:33:26.647499+00:00,4886
2019-07-07 09:33:26.926499+00:00,4887
2019-07-07 09:33:27.744999+00:00,4888
2019-07-07 09:33:28.416500+00:00,4889
2019-07-07 09:33:28.493499+00:00,4890
2019-07-07 09:33:28.970499+00:00,4891
2019-07-07 09:33:29.560499+00:00,4892
2019-07-07 09:33:30.108499+00:00,4893
2019-07-07 09:33:30.595499+00:00,4894
2019-07-07 09:33:31.228499+00:00,4895
2019-07-07 09:33:31.653499+00:00,4896
2019-07-07 09:33:31.745499+00:00,4897
2019-07-07 09:33:32.305499+00:00,4898
2019-07-07 09:33:33.287998+00:00,4899
2019-07-07 09:33:33.376999+00:00,4900
2019-07-07 09:33:33.612499+00:00,4901
2019-07-07 09:33:33.957499+00:00,4902
2019-07-07 09:33:34.256999+00:00,4903
2019-07-07 09:33:34.851999+00:00,4904
2019-07-07 09:33:34.988999+00:00,4905
2019-07-07 09:33:35.030999+00:00,4906
2019-07-07 09:33:35.712999+00:00,4907
2019-07-07 09:33:35.858999+00:00,4908
2019-07-07 09:33:36.098999+00:00,4909
2019-07-07 09:33:36.603998+00:00,4910
2019-07-07 09:33:36.944999+00:00,4911
2019-07-07 09:33:37.339999+00:00,4912
2019-07-07 09:33:37.782499+00:00,4913
2019-07-07 09:33:42.192999+00:00,4914
2019-07-07 09:33:44.650500+00:00,4915
2019-07-07 09:33:45.071999+00:00,4916
2019-07-07 09:33:55.538499+00:00,4917
2019-07-07 09:33:58.653999+00:00,4918
2019-07-07 09:33:58.972498+00:00,4919
2019-07-07 09:33:59.236999+00:00,4920
2019-07-07 09:33:59.493499+00:00,4921
2019-07-07 09:33:59.720999+00:00,4922
2019-07-07 09:34:08.902499+00:00,4923
2019-07-07 09:34:09.369999+00:00,4924
2019-07-07 09:34:16.603499+00:00,4925
2019-07-07 09:34:16.980499+00:00,4926
2019-07-07 09:34:17.358999+00:00,4927
2019-07-07 09:34:17.872499+00:00,4928
2019-07-07 09:34:17.947499+00:00,4929
2019-07-07 09:34:18.712499+00:00,4930
2019-07-07 09:34:18.815499+00:00,4931
2019-07-07 09:34:19.259999+00:00,4932
2019-07-07 09:34:19.673499+00:00,4933
2019-07-07 09:34:20.868499+00:00,4934
2019-07-07 09:34:20.967499+00:00,4935
2019-07-07 09:34:21.444499+00:00,4936
2019-07-07 09:34:21.911499+00:00,4937
2019-07-07 09:34:22.425000+00:00,4938
2019-07-07 09:34:24.055499+00:00,4939
2019-07-07 09:34:24.766499+00:00,4940
2019-07-07 09:34:25.129499+00:00,4941
2019-07-07 09:34:26.018499+00:00,4942
2019-07-07 09:34:30.964499+00:00,4943
2019-07-07 09:34:32.540499+00:00,4944
2019-07-07 09:34:33.044499+00:00,4945
2019-07-07 09:34:33.307499+00:00,4946
2019-07-07 09:34:33.691499+00:00,4947
2019-07-07 09:34:34.078999+00:00,4948
2019-07-07 09:34:34.097999+00:00,4949
2019-07-07 09:34:34.202499+00:00,4950
2019-07-07 09:34:34.460999+00:00,4951
2019-07-07 09:34:34.929499+00:00,4952
2019-07-07 09:34:35.039499+00:00,4953
2019-07-07 09:34:35.306999+00:00,4954
2019-07-07 09:34:35.654998+00:00,4955
2019-07-07 09:34:36.062999+00:00,4956
2019-07-07 09:34:36.503999+00:00,4957
2019-07-07 09:34:36.865999+00:00,4958
2019-07-07 09:34:37.305499+00:00,4959
2019-07-07 09:34:37.711499+00:00,4960
2019-07-07 09:34:38.123999+00:00,4961
2019-07-07 09:34:38.201500+00:00,4962
2019-07-07 09:34:38.207999+00:00,4963
2019-07-07 09:34:39.434999+00:00,4964
2019-07-07 09:34:39.512499+00:00,4965
2019-07-07 09:34:45.988498+00:00,4966
2019-07-07 09:34:46.061499+00:00,4967
2019-07-07 09:34:46.086499+00:00,4968
2019-07-07 09:34:46.658499+00:00,4969
2019-07-07 09:34:47.040499+00:00,4970
2019-07-07 09:34:47.139499+00:00,4971
2019-07-07 09:34:47.282499+00:00,4972
2019-07-07 09:34:47.561499+00:00,4973
2019-07-07 09:34:47.638499+00:00,4974
2019-07-07 09:34:47.725499+00:00,4975
2019-07-07 09:34:47.896498+00:00,4976
2019-07-07 09:34:47.978499+00:00,4977
2019-07-07 09:34:48.151499+00:00,4978
2019-07-07 09:34:48.256499+00:00,4979
2019-07-07 09:34:48.512999+00:00,4980
2019-07-07 09:34:48.806499+00:00,4981
2019-07-07 09:34:49.013499+00:00,4982
2019-07-07 09:34:49.104499+00:00,4983
2019-07-07 09:34:49.301499+00:00,4984
2019-07-07 09:34:49.401999+00:00,4985
2019-07-07 09:34:54.850999+00:00,4986
2019-07-07 09:34:54.853999+00:00,4987
2019-07-07 09:34:54.962999+00:00,4988
2019-07-07 09:34:55.010999+00:00,4989
2019-07-07 09:34:55.113499+00:00,4990
2019-07-07 09:34:55.744999+00:00,4991
2019-07-07 09:34:56.174499+00:00,4992
2019-07-07 09:34:56.269499+00:00,4993
2019-07-07 09:34:56.514499+00:00,4994
2019-07-07 09:34:56.841499+00:00,4995
2019-07-07 09:34:56.858499+00:00,4996
2019-07-07 09:34:57.005499+00:00,4997
2019-07-07 09:34:57.057999+00:00,4998
2019-07-07 09:34:57.144499+00:00,4999
2019-07-07 09:34:57.698999+00:00,5000
2019-07-07 09:34:58.042999+00:00,5001
2019-07-07 09:34:58.090999+00:00,5002
2019-07-07 09:34:58.589999+00:00,5003
2019-07-07 09:34:58.671999+00:00,5004
2019-07-07 09:34:58.883999+00:00,5005
2019-07-07 09:34:59.076499+00:00,5006
2019-07-07 09:34:59.180499+00:00,5007
2019-07-07 09:34:59.429999+00:00,5008
2019-07-07 09:34:59.708499+00:00,5009
2019-07-07 09:35:00.086999+00:00,5010
2019-07-07 09:35:00.180999+00:00,5011
2019-07-07 09:35:00.576999+00:00,5012
2019-07-07 09:35:00.654999+00:00,5013
2019-07-07 09:35:00.980499+00:00,5014
2019-07-07 09:35:01.486499+00:00,5015
2019-07-07 09:35:01.861999+00:00,5016
2019-07-07 09:35:01.878999+00:00,5017
2019-07-07 09:35:01.972999+00:00,5018
2019-07-07 09:35:02.269999+00:00,5019
2019-07-07 09:35:02.344999+00:00,5020
2019-07-07 09:35:02.345498+00:00,5021
2019-07-07 09:35:02.641500+00:00,5022
2019-07-07 09:35:02.683499+00:00,5023
2019-07-07 09:35:03.023999+00:00,5024
2019-07-07 09:35:03.715999+00:00,5025
2019-07-07 09:35:06.031999+00:00,5026
2019-07-07 09:35:06.354999+00:00,5027
2019-07-07 09:35:06.434999+00:00,5028
2019-07-07 09:35:06.550499+00:00,5029
2019-07-07 09:35:06.646499+00:00,5030
2019-07-07 09:35:07.025499+00:00,5031
2019-07-07 09:35:07.107499+00:00,5032
2019-07-07 09:35:07.136499+00:00,5033
2019-07-07 09:35:09.798999+00:00,5034
2019-07-07 09:35:10.028999+00:00,5035
2019-07-07 09:35:10.278499+00:00,5036
2019-07-07 09:35:16.252499+00:00,5037
2019-07-07 09:35:17.045499+00:00,5038
2019-07-07 09:35:17.133499+00:00,5039
2019-07-07 09:35:17.399499+00:00,5040
2019-07-07 09:35:18.635499+00:00,5041
2019-07-07 09:35:19.066999+00:00,5042
2019-07-07 09:35:19.161499+00:00,5043
2019-07-07 09:35:20.767999+00:00,5044
2019-07-07 09:35:20.997999+00:00,5045
2019-07-07 09:35:21.277999+00:00,5046
2019-07-07 09:35:21.397999+00:00,5047
2019-07-07 09:35:21.608499+00:00,5048
2019-07-07 09:35:21.810499+00:00,5049
2019-07-07 09:35:29.739499+00:00,5050
2019-07-07 09:35:33.897499+00:00,5051
2019-07-07 09:35:34.007499+00:00,5052
2019-07-07 09:35:48.334999+00:00,5053
2019-07-07 09:35:48.629999+00:00,5054
2019-07-07 09:35:48.880999+00:00,5055
2019-07-07 09:35:49.094999+00:00,5056
2019-07-07 09:35:49.180999+00:00,5057
2019-07-07 09:35:54.503999+00:00,5058
2019-07-07 09:35:54.875999+00:00,5059
2019-07-07 09:35:54.956999+00:00,5060
2019-07-07 09:35:56.851999+00:00,5061
2019-07-07 09:35:57.263999+00:00,5062
2019-07-07 09:35:57.307999+00:00,5063
2019-07-07 09:35:57.340999+00:00,5064
2019-07-07 09:35:57.590999+00:00,5065
2019-07-07 09:35:57.964499+00:00,5066
2019-07-07 09:35:59.364499+00:00,5067
2019-07-07 09:35:59.648999+00:00,5068
2019-07-07 09:36:00.387999+00:00,5069
2019-07-07 09:36:01.663499+00:00,5070
2019-07-07 09:36:01.925999+00:00,5071
2019-07-07 09:36:02.325499+00:00,5072
2019-07-07 09:36:02.720999+00:00,5073
2019-07-07 09:36:03.351999+00:00,5074
2019-07-07 09:36:03.428999+00:00,5075
2019-07-07 09:36:04.089999+00:00,5076
2019-07-07 09:36:04.181999+00:00,5077
2019-07-07 09:36:04.616999+00:00,5078
2019-07-07 09:36:04.910999+00:00,5079
2019-07-07 09:36:05.282499+00:00,5080
2019-07-07 09:36:05.581499+00:00,5081
2019-07-07 09:36:05.644999+00:00,5082
2019-07-07 09:36:05.873499+00:00,5083
2019-07-07 09:36:06.238000+00:00,5084
2019-07-07 09:36:06.444999+00:00,5085
2019-07-07 09:36:06.772499+00:00,5086
2019-07-07 09:36:06.819499+00:00,5087
2019-07-07 09:36:07.427999+00:00,5088
2019-07-07 09:36:07.777499+00:00,5089
2019-07-07 09:36:08.141999+00:00,5090
2019-07-07 09:36:08.220499+00:00,5091
2019-07-07 09:36:08.289499+00:00,5092
2019-07-07 09:36:09.568999+00:00,5093
2019-07-07 09:36:09.656999+00:00,5094
2019-07-07 09:36:09.925999+00:00,5095
2019-07-07 09:36:10.335499+00:00,5096
2019-07-07 09:36:10.565499+00:00,5097
2019-07-07 09:36:11.028499+00:00,5098
2019-07-07 09:36:12.487499+00:00,5099
2019-07-07 09:36:13.795499+00:00,5100
2019-07-07 09:36:14.215499+00:00,5101
2019-07-07 09:36:14.597498+00:00,5102
2019-07-07 09:36:14.830499+00:00,5103
2019-07-07 09:36:15.688499+00:00,5104
2019-07-07 09:36:16.013499+00:00,5105
2019-07-07 09:36:17.343499+00:00,5106
2019-07-07 09:36:19.257999+00:00,5107
2019-07-07 09:36:20.653999+00:00,5108
2019-07-07 09:36:21.022499+00:00,5109
2019-07-07 09:36:21.427499+00:00,5110
2019-07-07 09:36:22.010999+00:00,5111
2019-07-07 09:36:22.263499+00:00,5112
2019-07-07 09:36:22.660999+00:00,5113
2019-07-07 09:36:23.752999+00:00,5114
2019-07-07 09:36:24.126999+00:00,5115
2019-07-07 09:36:26.141499+00:00,5116
2019-07-07 09:36:26.300499+00:00,5117
2019-07-07 09:36:26.693999+00:00,5118
2019-07-07 09:36:28.090999+00:00,5119
2019-07-07 09:36:28.466499+00:00,5120
2019-07-07 09:36:28.697499+00:00,5121
2019-07-07 09:36:29.381998+00:00,5122
2019-07-07 09:36:29.712499+00:00,5123
2019-07-07 09:36:29.831500+00:00,5124
2019-07-07 09:36:30.525999+00:00,5125
2019-07-07 09:36:30.637999+00:00,5126
2019-07-07 09:36:31.138499+00:00,5127
2019-07-07 09:36:31.327499+00:00,5128
2019-07-07 09:36:31.473999+00:00,5129
2019-07-07 09:36:32.111999+00:00,5130
2019-07-07 09:36:32.482499+00:00,5131
2019-07-07 09:36:33.342499+00:00,5132
2019-07-07 09:36:33.384499+00:00,5133
2019-07-07 09:36:33.751998+00:00,5134
2019-07-07 09:36:34.112499+00:00,5135
2019-07-07 09:36:34.151499+00:00,5136
2019-07-07 09:36:34.880499+00:00,5137
2019-07-07 09:36:34.971499+00:00,5138
2019-07-07 09:36:35.199499+00:00,5139
2019-07-07 09:36:35.282499+00:00,5140
2019-07-07 09:36:35.697999+00:00,5141
2019-07-07 09:36:35.736999+00:00,5142
2019-07-07 09:36:35.778999+00:00,5143
2019-07-07 09:36:35.817999+00:00,5144
2019-07-07 09:36:35.873999+00:00,5145
2019-07-07 09:36:36.738998+00:00,5146
2019-07-07 09:36:36.777999+00:00,5147
2019-07-07 09:36:37.105499+00:00,5148
2019-07-07 09:36:37.505499+00:00,5149
2019-07-07 09:36:37.932499+00:00,5150
2019-07-07 09:36:38.291499+00:00,5151
2019-07-07 09:36:38.392499+00:00,5152
2019-07-07 09:36:38.752999+00:00,5153
2019-07-07 09:36:38.825499+00:00,5154
2019-07-07 09:36:40.431999+00:00,5155
2019-07-07 09:36:40.462998+00:00,5156
2019-07-07 09:36:53.339499+00:00,5157
2019-07-07 09:36:53.979999+00:00,5158
2019-07-07 09:36:53.983999+00:00,5159
2019-07-07 09:36:56.023999+00:00,5160
2019-07-07 09:36:56.027999+00:00,5161
2019-07-07 09:36:56.529499+00:00,5162
2019-07-07 09:36:57.026999+00:00,5163
2019-07-07 09:36:57.584999+00:00,5164
2019-07-07 09:36:57.621999+00:00,5165
2019-07-07 09:36:57.732999+00:00,5166
2019-07-07 09:36:57.735999+00:00,5167
2019-07-07 09:36:58.041499+00:00,5168
2019-07-07 09:36:58.078499+00:00,5169
2019-07-07 09:36:58.152499+00:00,5170
2019-07-07 09:36:58.192999+00:00,5171
2019-07-07 09:36:58.517499+00:00,5172
2019-07-07 09:36:58.553499+00:00,5173
2019-07-07 09:36:59.010499+00:00,5174
2019-07-07 09:36:59.043499+00:00,5175
2019-07-07 09:36:59.089499+00:00,5176
2019-07-07 09:37:00.418499+00:00,5177
2019-07-07 09:37:00.454499+00:00,5178
2019-07-07 09:37:01.779499+00:00,5179
2019-07-07 09:37:02.128499+00:00,5180
2019-07-07 09:37:02.164499+00:00,5181
2019-07-07 09:37:02.490499+00:00,5182
2019-07-07 09:37:02.859999+00:00,5183
2019-07-07 09:37:02.896999+00:00,5184
2019-07-07 09:37:03.220499+00:00,5185
2019-07-07 09:37:04.008499+00:00,5186
2019-07-07 09:37:04.048499+00:00,5187
2019-07-07 09:37:04.369999+00:00,5188
2019-07-07 09:37:04.744499+00:00,5189
2019-07-07 09:37:04.780499+00:00,5190
2019-07-07 09:37:05.152499+00:00,5191
2019-07-07 09:37:06.084499+00:00,5192
2019-07-07 09:37:06.461499+00:00,5193
2019-07-07 09:37:06.946999+00:00,5194
2019-07-07 09:37:06.990999+00:00,5195
2019-07-07 09:37:07.409998+00:00,5196
2019-07-07 09:37:07.446499+00:00,5197
2019-07-07 09:37:07.487999+00:00,5198
2019-07-07 09:37:07.885999+00:00,5199
2019-07-07 09:37:07.976999+00:00,5200
2019-07-07 09:37:08.420999+00:00,5201
2019-07-07 09:37:08.457999+00:00,5202
2019-07-07 09:37:08.546999+00:00,5203
2019-07-07 09:37:08.941499+00:00,5204
2019-07-07 09:37:09.109499+00:00,5205
2019-07-07 09:37:09.492499+00:00,5206
2019-07-07 09:37:10.344499+00:00,5207
2019-07-07 09:37:10.639999+00:00,5208
2019-07-07 09:37:10.961499+00:00,5209
2019-07-07 09:37:11.727999+00:00,5210
2019-07-07 09:37:11.763999+00:00,5211
2019-07-07 09:37:11.813999+00:00,5212
2019-07-07 09:37:12.551499+00:00,5213
2019-07-07 09:37:12.871999+00:00,5214
2019-07-07 09:37:12.906999+00:00,5215
2019-07-07 09:37:13.115499+00:00,5216
2019-07-07 09:37:13.467499+00:00,5217
2019-07-07 09:37:13.933999+00:00,5218
2019-07-07 09:37:14.263498+00:00,5219
2019-07-07 09:37:14.299499+00:00,5220
2019-07-07 09:37:14.424499+00:00,5221
2019-07-07 09:37:14.512999+00:00,5222
2019-07-07 09:37:14.594499+00:00,5223
2019-07-07 09:37:14.914999+00:00,5224
2019-07-07 09:37:14.999999+00:00,5225
2019-07-07 09:37:15.648499+00:00,5226
2019-07-07 09:37:16.018499+00:00,5227
2019-07-07 09:37:17.474499+00:00,5228
2019-07-07 09:37:18.287499+00:00,5229
2019-07-07 09:37:18.366499+00:00,5230
2019-07-07 09:37:18.741999+00:00,5231
2019-07-07 09:37:18.927499+00:00,5232
2019-07-07 09:37:19.288999+00:00,5233
2019-07-07 09:37:19.654999+00:00,5234
2019-07-07 09:37:19.742999+00:00,5235
2019-07-07 09:37:20.416499+00:00,5236
2019-07-07 09:37:21.993999+00:00,5237
2019-07-07 09:37:21.993999+00:00,5238
2019-07-07 09:37:22.196999+00:00,5239
2019-07-07 09:37:22.201999+00:00,5240
2019-07-07 09:37:22.470999+00:00,5241
2019-07-07 09:37:22.475999+00:00,5242
2019-07-07 09:37:22.672999+00:00,5243
2019-07-07 09:37:22.941999+00:00,5244
2019-07-07 09:37:22.941999+00:00,5245
2019-07-07 09:37:24.964999+00:00,5246
2019-07-07 09:37:29.854999+00:00,5247
2019-07-07 09:37:30.274499+00:00,5248
2019-07-07 09:37:31.477999+00:00,5249
2019-07-07 09:37:31.480999+00:00,5250
2019-07-07 09:37:31.837499+00:00,5251
2019-07-07 09:37:32.075499+00:00,5252
2019-07-07 09:37:32.076499+00:00,5253
2019-07-07 09:37:32.338499+00:00,5254
2019-07-07 09:37:32.341499+00:00,5255
2019-07-07 09:37:42.380999+00:00,5256
2019-07-07 09:37:46.517498+00:00,5257
2019-07-07 09:37:46.558499+00:00,5258
2019-07-07 09:37:46.935499+00:00,5259
2019-07-07 09:37:46.972498+00:00,5260
2019-07-07 09:37:47.722499+00:00,5261
2019-07-07 09:37:49.378499+00:00,5262
2019-07-07 09:37:49.520999+00:00,5263
2019-07-07 09:37:49.554999+00:00,5264
2019-07-07 09:37:49.976999+00:00,5265
2019-07-07 09:37:50.687999+00:00,5266
2019-07-07 09:37:50.719999+00:00,5267
2019-07-07 09:37:51.462999+00:00,5268
2019-07-07 09:37:51.494499+00:00,5269
2019-07-07 09:37:51.938499+00:00,5270
2019-07-07 09:37:51.970999+00:00,5271
2019-07-07 09:37:52.347500+00:00,5272
2019-07-07 09:37:52.805999+00:00,5273
2019-07-07 09:37:52.922999+00:00,5274
2019-07-07 09:37:52.954499+00:00,5275
2019-07-07 09:37:53.353999+00:00,5276
2019-07-07 09:37:53.386999+00:00,5277
2019-07-07 09:37:53.463999+00:00,5278
2019-07-07 09:37:53.772499+00:00,5279
2019-07-07 09:37:53.806498+00:00,5280
2019-07-07 09:37:53.872499+00:00,5281
2019-07-07 09:37:54.340999+00:00,5282
2019-07-07 09:37:54.370999+00:00,5283
2019-07-07 09:37:54.786499+00:00,5284
2019-07-07 09:37:54.818499+00:00,5285
2019-07-07 09:37:54.894499+00:00,5286
2019-07-07 09:37:55.278499+00:00,5287
2019-07-07 09:37:55.306499+00:00,5288
2019-07-07 09:37:55.701999+00:00,5289
2019-07-07 09:37:55.735999+00:00,5290
2019-07-07 09:37:55.776999+00:00,5291
2019-07-07 09:37:56.145499+00:00,5292
2019-07-07 09:37:56.178999+00:00,5293
2019-07-07 09:37:56.220999+00:00,5294
2019-07-07 09:37:56.643999+00:00,5295
2019-07-07 09:37:56.676999+00:00,5296
2019-07-07 09:37:57.096999+00:00,5297
2019-07-07 09:37:57.490499+00:00,5298
2019-07-07 09:38:02.601999+00:00,5299
2019-07-07 09:38:02.887999+00:00,5300
2019-07-07 09:38:03.816499+00:00,5301
2019-07-07 09:38:04.047499+00:00,5302
2019-07-07 09:38:05.426999+00:00,5303
2019-07-07 09:38:05.875999+00:00,5304
2019-07-07 09:38:15.889999+00:00,5305
2019-07-07 09:38:16.272999+00:00,5306
2019-07-07 09:38:16.303999+00:00,5307
2019-07-07 09:38:28.361499+00:00,5308
2019-07-07 09:38:30.515999+00:00,5309
2019-07-07 09:38:30.684999+00:00,5310
2019-07-07 09:38:31.029999+00:00,5311
2019-07-07 09:38:31.349999+00:00,5312
2019-07-07 09:38:33.589499+00:00,5313
2019-07-07 09:38:33.619499+00:00,5314
2019-07-07 09:38:33.858999+00:00,5315
2019-07-07 09:38:33.989499+00:00,5316
2019-07-07 09:38:34.182998+00:00,5317
2019-07-07 09:38:34.486999+00:00,5318
2019-07-07 09:38:34.769999+00:00,5319
2019-07-07 09:38:35.256499+00:00,5320
2019-07-07 09:38:35.568498+00:00,5321
2019-07-07 09:38:35.600499+00:00,5322
2019-07-07 09:38:35.712999+00:00,5323
2019-07-07 09:38:36.031999+00:00,5324
2019-07-07 09:38:36.246499+00:00,5325
2019-07-07 09:38:39.269499+00:00,5326
2019-07-07 09:38:39.504999+00:00,5327
2019-07-07 09:38:39.645999+00:00,5328
2019-07-07 09:38:41.399499+00:00,5329
2019-07-07 09:38:42.599499+00:00,5330
2019-07-07 09:38:42.677499+00:00,5331
2019-07-07 09:38:44.870499+00:00,5332
2019-07-07 09:38:58.246499+00:00,5333
2019-07-07 09:38:58.542999+00:00,5334
2019-07-07 09:38:58.845498+00:00,5335
2019-07-07 09:38:59.024498+00:00,5336
2019-07-07 09:38:59.105999+00:00,5337
2019-07-07 09:38:59.378999+00:00,5338
2019-07-07 09:38:59.590499+00:00,5339
2019-07-07 09:38:59.618499+00:00,5340
2019-07-07 09:38:59.859499+00:00,5341
2019-07-07 09:38:59.940499+00:00,5342
2019-07-07 09:39:00.141499+00:00,5343
2019-07-07 09:39:00.221999+00:00,5344
2019-07-07 09:39:00.504999+00:00,5345
2019-07-07 09:39:00.990999+00:00,5346
2019-07-07 09:39:01.118499+00:00,5347
2019-07-07 09:39:01.267499+00:00,5348
2019-07-07 09:39:01.711999+00:00,5349
2019-07-07 09:39:01.941999+00:00,5350
2019-07-07 09:39:02.296999+00:00,5351
2019-07-07 09:39:05.147999+00:00,5352
2019-07-07 09:39:05.423499+00:00,5353
2019-07-07 09:39:08.756499+00:00,5354
2019-07-07 09:39:09.139999+00:00,5355
2019-07-07 09:39:09.166999+00:00,5356
2019-07-07 09:39:09.474999+00:00,5357
2019-07-07 09:39:10.211999+00:00,5358
2019-07-07 09:39:10.240999+00:00,5359
2019-07-07 09:39:10.519499+00:00,5360
2019-07-07 09:39:10.550499+00:00,5361
2019-07-07 09:39:11.222499+00:00,5362
2019-07-07 09:39:11.243499+00:00,5363
2019-07-07 09:39:11.981499+00:00,5364
2019-07-07 09:39:12.010499+00:00,5365
2019-07-07 09:39:12.331999+00:00,5366
2019-07-07 09:39:12.355999+00:00,5367
2019-07-07 09:39:12.685498+00:00,5368
2019-07-07 09:39:13.111999+00:00,5369
2019-07-07 09:39:13.546999+00:00,5370
2019-07-07 09:39:13.575999+00:00,5371
2019-07-07 09:39:13.973499+00:00,5372
2019-07-07 09:39:14.369999+00:00,5373
2019-07-07 09:39:14.387499+00:00,5374
2019-07-07 09:39:14.691000+00:00,5375
2019-07-07 09:39:14.719999+00:00,5376
2019-07-07 09:39:15.050999+00:00,5377
2019-07-07 09:39:15.079999+00:00,5378
2019-07-07 09:39:24.678499+00:00,5379
2019-07-07 09:39:24.686499+00:00,5380
2019-07-07 09:39:25.168499+00:00,5381
2019-07-07 09:39:25.705999+00:00,5382
2019-07-07 09:39:39.162499+00:00,5383
2019-07-07 09:39:44.086499+00:00,5384
2019-07-07 09:40:07.537998+00:00,5385
2019-07-07 09:40:07.831998+00:00,5386
2019-07-07 09:40:08.186999+00:00,5387
2019-07-07 09:40:08.300499+00:00,5388
2019-07-07 09:40:09.390999+00:00,5389
2019-07-07 09:40:09.862999+00:00,5390
2019-07-07 09:40:09.891999+00:00,5391
2019-07-07 09:40:10.128499+00:00,5392
2019-07-07 09:40:10.495999+00:00,5393
2019-07-07 09:40:10.900999+00:00,5394
2019-07-07 09:40:10.999999+00:00,5395
2019-07-07 09:40:11.199499+00:00,5396
2019-07-07 09:40:11.386999+00:00,5397
2019-07-07 09:40:11.639999+00:00,5398
2019-07-07 09:40:11.912999+00:00,5399
2019-07-07 09:40:12.168499+00:00,5400
2019-07-07 09:40:12.184499+00:00,5401
2019-07-07 09:40:12.650499+00:00,5402
2019-07-07 09:40:12.861499+00:00,5403
2019-07-07 09:40:12.928499+00:00,5404
2019-07-07 09:40:13.066999+00:00,5405
2019-07-07 09:40:13.343499+00:00,5406
2019-07-07 09:40:13.506498+00:00,5407
2019-07-07 09:40:13.812999+00:00,5408
2019-07-07 09:40:14.073499+00:00,5409
2019-07-07 09:40:14.085499+00:00,5410
2019-07-07 09:40:14.236499+00:00,5411
2019-07-07 09:40:14.836999+00:00,5412
2019-07-07 09:40:14.848999+00:00,5413
2019-07-07 09:40:15.187499+00:00,5414
2019-07-07 09:40:15.199499+00:00,5415
2019-07-07 09:40:15.512499+00:00,5416
2019-07-07 09:40:48.925999+00:00,5417
2019-07-07 09:40:48.944999+00:00,5418
2019-07-07 09:40:50.045999+00:00,5419
2019-07-07 09:40:50.064999+00:00,5420
2019-07-07 09:40:50.134999+00:00,5421
2019-07-07 09:40:50.153999+00:00,5422
2019-07-07 09:40:50.561999+00:00,5423
2019-07-07 09:40:50.594999+00:00,5424
2019-07-07 09:40:51.022499+00:00,5425
2019-07-07 09:40:51.035499+00:00,5426
2019-07-07 09:40:51.405499+00:00,5427
2019-07-07 09:40:51.407499+00:00,5428
2019-07-07 09:40:52.462999+00:00,5429
2019-07-07 09:40:52.478999+00:00,5430
2019-07-07 09:40:52.548999+00:00,5431
2019-07-07 09:40:52.967999+00:00,5432
2019-07-07 09:40:52.976999+00:00,5433
2019-07-07 09:40:53.749999+00:00,5434
2019-07-07 09:40:54.363999+00:00,5435
2019-07-07 09:40:54.381999+00:00,5436
2019-07-07 09:40:58.535999+00:00,5437
2019-07-07 09:41:10.315999+00:00,5438
2019-07-07 09:41:10.435998+00:00,5439
2019-07-07 09:41:10.639999+00:00,5440
2019-07-07 09:41:11.115999+00:00,5441
2019-07-07 09:41:11.694499+00:00,5442
2019-07-07 09:41:11.989999+00:00,5443
2019-07-07 09:41:12.007999+00:00,5444
2019-07-07 09:41:12.326499+00:00,5445
2019-07-07 09:41:12.724999+00:00,5446
2019-07-07 09:41:12.741999+00:00,5447
2019-07-07 09:41:12.818999+00:00,5448
2019-07-07 09:41:13.136499+00:00,5449
2019-07-07 09:41:13.440998+00:00,5450
2019-07-07 09:41:13.640999+00:00,5451
2019-07-07 09:41:14.120499+00:00,5452
2019-07-07 09:41:16.334499+00:00,5453
2019-07-07 09:41:17.300499+00:00,5454
2019-07-07 09:41:17.318499+00:00,5455
2019-07-07 09:41:20.080499+00:00,5456
2019-07-07 09:41:20.447499+00:00,5457
2019-07-07 09:41:21.560999+00:00,5458
2019-07-07 09:41:22.771999+00:00,5459
2019-07-07 09:41:22.789999+00:00,5460
2019-07-07 09:41:22.857999+00:00,5461
2019-07-07 09:41:23.234999+00:00,5462
2019-07-07 09:41:23.669499+00:00,5463
2019-07-07 09:41:24.042999+00:00,5464
2019-07-07 09:41:24.220499+00:00,5465
2019-07-07 09:41:24.565499+00:00,5466
2019-07-07 09:41:24.719999+00:00,5467
2019-07-07 09:41:24.975499+00:00,5468
2019-07-07 09:41:24.996498+00:00,5469
2019-07-07 09:41:28.309499+00:00,5470
2019-07-07 09:41:28.322499+00:00,5471
2019-07-07 09:41:28.698000+00:00,5472
2019-07-07 09:41:28.719999+00:00,5473
2019-07-07 09:41:33.155999+00:00,5474
2019-07-07 09:41:44.274999+00:00,5475
2019-07-07 09:41:44.564499+00:00,5476
2019-07-07 09:41:46.599999+00:00,5477
2019-07-07 09:41:46.991499+00:00,5478
2019-07-07 09:42:04.574499+00:00,5479
2019-07-07 09:42:04.651499+00:00,5480
2019-07-07 09:42:04.728499+00:00,5481
2019-07-07 09:42:04.836999+00:00,5482
2019-07-07 09:42:06.727499+00:00,5483
2019-07-07 09:42:07.351499+00:00,5484
2019-07-07 09:42:23.156499+00:00,5485
2019-07-07 09:42:23.176499+00:00,5486
2019-07-07 09:42:23.538499+00:00,5487
2019-07-07 09:42:23.549499+00:00,5488
2019-07-07 09:42:24.020499+00:00,5489
2019-07-07 09:42:24.032499+00:00,5490
2019-07-07 09:42:24.605499+00:00,5491
2019-07-07 09:42:24.615499+00:00,5492
2019-07-07 09:42:24.697499+00:00,5493
2019-07-07 09:42:24.709499+00:00,5494
2019-07-07 09:42:25.120499+00:00,5495
2019-07-07 09:42:25.131498+00:00,5496
2019-07-07 09:42:25.606499+00:00,5497
2019-07-07 09:42:26.004499+00:00,5498
2019-07-07 09:42:26.014499+00:00,5499
2019-07-07 09:42:26.432499+00:00,5500
2019-07-07 09:42:26.459499+00:00,5501
2019-07-07 09:42:26.855499+00:00,5502
2019-07-07 09:42:27.307499+00:00,5503
2019-07-07 09:42:27.309499+00:00,5504
2019-07-07 09:42:27.718499+00:00,5505
2019-07-07 09:42:28.177499+00:00,5506
2019-07-07 09:42:28.191499+00:00,5507
2019-07-07 09:42:28.454499+00:00,5508
2019-07-07 09:42:28.464499+00:00,5509
2019-07-07 09:42:28.751498+00:00,5510
2019-07-07 09:42:28.762499+00:00,5511
2019-07-07 09:42:29.454999+00:00,5512
2019-07-07 09:42:29.465999+00:00,5513
2019-07-07 09:42:29.938999+00:00,5514
2019-07-07 09:42:29.946999+00:00,5515
2019-07-07 09:42:30.396999+00:00,5516
2019-07-07 09:43:00.216499+00:00,5517
2019-07-07 09:43:01.020499+00:00,5518
2019-07-07 09:43:01.927499+00:00,5519
2019-07-07 09:43:03.027999+00:00,5520
2019-07-07 09:43:03.230499+00:00,5521
2019-07-07 09:43:03.813499+00:00,5522
2019-07-07 09:43:03.968499+00:00,5523
2019-07-07 09:43:05.402499+00:00,5524
2019-07-07 09:43:15.141499+00:00,5525
2019-07-07 09:43:15.147499+00:00,5526
2019-07-07 09:43:16.339499+00:00,5527
2019-07-07 09:43:16.345499+00:00,5528
2019-07-07 09:43:16.756999+00:00,5529
2019-07-07 09:43:16.760999+00:00,5530
2019-07-07 09:43:16.861999+00:00,5531
2019-07-07 09:43:17.319999+00:00,5532
2019-07-07 09:43:17.412999+00:00,5533
2019-07-07 09:43:17.417999+00:00,5534
2019-07-07 09:43:17.842499+00:00,5535
2019-07-07 09:43:17.857499+00:00,5536
2019-07-07 09:43:18.362499+00:00,5537
2019-07-07 09:43:18.402499+00:00,5538
2019-07-07 09:43:18.451499+00:00,5539
2019-07-07 09:43:19.043499+00:00,5540
2019-07-07 09:43:19.050499+00:00,5541
2019-07-07 09:43:19.140499+00:00,5542
2019-07-07 09:43:19.145499+00:00,5543
2019-07-07 09:43:19.721499+00:00,5544
2019-07-07 09:43:19.728499+00:00,5545
2019-07-07 09:43:20.456499+00:00,5546
2019-07-07 09:43:20.459499+00:00,5547
2019-07-07 09:43:21.146499+00:00,5548
2019-07-07 09:43:21.153499+00:00,5549
2019-07-07 09:43:32.870999+00:00,5550
2019-07-07 09:43:33.081999+00:00,5551
2019-07-07 09:43:33.161499+00:00,5552
2019-07-07 09:43:33.984500+00:00,5553
2019-07-07 09:43:34.063499+00:00,5554
2019-07-07 09:43:35.570499+00:00,5555
2019-07-07 09:43:35.645499+00:00,5556
2019-07-07 09:43:35.698499+00:00,5557
2019-07-07 09:43:36.123499+00:00,5558
2019-07-07 09:43:36.200499+00:00,5559
2019-07-07 09:43:36.223499+00:00,5560
2019-07-07 09:43:39.052499+00:00,5561
2019-07-07 09:43:39.843499+00:00,5562
2019-07-07 09:43:40.063499+00:00,5563
2019-07-07 09:43:40.143499+00:00,5564
2019-07-07 09:43:40.367499+00:00,5565
2019-07-07 09:43:40.547999+00:00,5566
2019-07-07 09:43:41.809999+00:00,5567
2019-07-07 09:43:42.246499+00:00,5568
2019-07-07 09:43:42.325499+00:00,5569
2019-07-07 09:43:42.866499+00:00,5570
2019-07-07 09:43:43.296499+00:00,5571
2019-07-07 09:43:43.625999+00:00,5572
2019-07-07 09:43:43.666999+00:00,5573
2019-07-07 09:43:48.990499+00:00,5574
2019-07-07 09:43:48.994499+00:00,5575
2019-07-07 09:43:50.118999+00:00,5576
2019-07-07 09:43:50.121999+00:00,5577
2019-07-07 09:43:50.520499+00:00,5578
2019-07-07 09:43:50.521499+00:00,5579
2019-07-07 09:43:51.222499+00:00,5580
2019-07-07 09:43:51.226499+00:00,5581
2019-07-07 09:43:51.299999+00:00,5582
2019-07-07 09:43:53.954999+00:00,5583
2019-07-07 09:43:53.961999+00:00,5584
2019-07-07 09:44:23.222499+00:00,5585
2019-07-07 09:44:23.365499+00:00,5586
2019-07-07 09:44:23.574499+00:00,5587
2019-07-07 09:44:23.976499+00:00,5588
2019-07-07 09:44:24.519999+00:00,5589
2019-07-07 09:44:25.388999+00:00,5590
2019-07-07 09:44:26.320499+00:00,5591
2019-07-07 09:44:27.210999+00:00,5592
2019-07-07 09:44:27.654499+00:00,5593
2019-07-07 09:44:27.818499+00:00,5594
2019-07-07 09:44:28.325499+00:00,5595
2019-07-07 09:44:28.337499+00:00,5596
2019-07-07 09:44:28.459499+00:00,5597
2019-07-07 09:44:29.862999+00:00,5598
2019-07-07 09:44:30.445999+00:00,5599
2019-07-07 09:45:15.929999+00:00,5600
2019-07-07 09:45:24.793499+00:00,5601
2019-07-07 09:45:28.754999+00:00,5602
2019-07-07 09:45:34.066499+00:00,5603
2019-07-07 09:45:55.406499+00:00,5604
2019-07-07 09:45:56.707999+00:00,5605
2019-07-07 09:45:57.076499+00:00,5606
2019-07-07 09:45:57.364499+00:00,5607
2019-07-07 09:45:58.183499+00:00,5608
2019-07-07 09:45:58.943499+00:00,5609
2019-07-07 09:45:59.688499+00:00,5610
2019-07-07 09:46:00.017499+00:00,5611
2019-07-07 09:46:00.362500+00:00,5612
2019-07-07 09:46:00.703999+00:00,5613
2019-07-07 09:46:02.662999+00:00,5614
2019-07-07 09:46:02.961999+00:00,5615
2019-07-07 09:46:03.360999+00:00,5616
2019-07-07 09:46:04.510499+00:00,5617
2019-07-07 09:46:07.205499+00:00,5618
2019-07-07 09:46:43.050999+00:00,5619
2019-07-07 09:46:43.596499+00:00,5620
2019-07-07 09:46:44.123998+00:00,5621
2019-07-07 09:46:47.150499+00:00,5622
2019-07-07 09:46:47.487499+00:00,5623
2019-07-07 09:46:47.831999+00:00,5624
2019-07-07 09:47:25.051999+00:00,5625
2019-07-07 09:47:25.462999+00:00,5626
2019-07-07 09:47:25.886999+00:00,5627
2019-07-07 09:47:26.340999+00:00,5628
2019-07-07 09:47:27.171499+00:00,5629
2019-07-07 09:47:27.898999+00:00,5630
2019-07-07 09:47:28.255499+00:00,5631
2019-07-07 09:47:28.623999+00:00,5632
2019-07-07 09:47:30.445999+00:00,5633
2019-07-07 09:47:30.901499+00:00,5634
2019-07-07 09:47:31.450999+00:00,5635
2019-07-07 09:47:31.525999+00:00,5636
2019-07-07 09:47:31.910499+00:00,5637
2019-07-07 09:47:32.351499+00:00,5638
2019-07-07 09:47:32.465499+00:00,5639
2019-07-07 09:47:32.906499+00:00,5640
2019-07-07 09:47:33.354499+00:00,5641
2019-07-07 09:47:33.444499+00:00,5642
2019-07-07 09:47:33.876499+00:00,5643
2019-07-07 09:47:33.995499+00:00,5644
2019-07-07 09:47:34.070999+00:00,5645
2019-07-07 09:47:34.789499+00:00,5646
2019-07-07 09:47:35.153999+00:00,5647
2019-07-07 09:47:35.405499+00:00,5648
2019-07-07 09:47:35.778499+00:00,5649
2019-07-07 09:47:36.156499+00:00,5650
2019-07-07 09:47:36.994499+00:00,5651
2019-07-07 09:47:37.407499+00:00,5652
2019-07-07 09:47:37.808499+00:00,5653
2019-07-07 09:47:38.227499+00:00,5654
2019-07-07 09:47:39.017499+00:00,5655
2019-07-07 09:47:51.015999+00:00,5656
2019-07-07 09:47:54.602999+00:00,5657
2019-07-07 09:47:57.672499+00:00,5658
2019-07-07 09:47:58.696999+00:00,5659
2019-07-07 09:47:59.722499+00:00,5660
2019-07-07 09:48:00.489999+00:00,5661
2019-07-07 09:48:00.933499+00:00,5662
2019-07-07 09:48:01.328499+00:00,5663
2019-07-07 09:48:01.753499+00:00,5664
2019-07-07 09:48:02.396499+00:00,5665
2019-07-07 09:48:02.877500+00:00,5666
2019-07-07 09:48:03.377999+00:00,5667
2019-07-07 09:48:04.147499+00:00,5668
2019-07-07 09:48:04.507499+00:00,5669
2019-07-07 09:48:04.824499+00:00,5670
2019-07-07 09:48:05.252999+00:00,5671
2019-07-07 09:48:05.643499+00:00,5672
2019-07-07 09:48:06.545999+00:00,5673
2019-07-07 09:48:06.912499+00:00,5674
2019-07-07 09:48:07.634499+00:00,5675
2019-07-07 09:48:07.960999+00:00,5676
2019-07-07 09:48:08.321999+00:00,5677
2019-07-07 09:48:08.710499+00:00,5678
2019-07-07 09:48:44.853000+00:00,5679
2019-07-07 09:48:49.078999+00:00,5680
2019-07-07 09:48:49.568499+00:00,5681
2019-07-07 09:48:50.682999+00:00,5682
2019-07-07 09:48:54.640499+00:00,5683
2019-07-07 09:48:54.965499+00:00,5684
2019-07-07 09:48:55.314499+00:00,5685
2019-07-07 09:48:57.884999+00:00,5686
2019-07-07 09:49:42.335998+00:00,5687
2019-07-07 09:49:43.731499+00:00,5688
2019-07-07 09:49:44.548499+00:00,5689
2019-07-07 09:49:44.856499+00:00,5690
2019-07-07 09:49:45.206999+00:00,5691
2019-07-07 09:49:45.594498+00:00,5692
2019-07-07 09:50:04.744998+00:00,5693
2019-07-07 09:50:04.820999+00:00,5694
2019-07-07 09:50:06.358499+00:00,5695
2019-07-07 09:50:06.711999+00:00,5696
2019-07-07 09:50:07.087499+00:00,5697
2019-07-07 09:50:08.200499+00:00,5698
2019-07-07 09:50:08.724999+00:00,5699
2019-07-07 09:50:09.208499+00:00,5700
2019-07-07 09:50:09.658999+00:00,5701
2019-07-07 09:50:30.126499+00:00,5702
2019-07-07 09:50:30.577499+00:00,5703
2019-07-07 09:50:31.037499+00:00,5704
2019-07-07 09:50:31.436999+00:00,5705
2019-07-07 09:50:31.820498+00:00,5706
2019-07-07 09:50:32.163499+00:00,5707
2019-07-07 09:50:32.511999+00:00,5708
2019-07-07 09:50:33.354499+00:00,5709
2019-07-07 09:50:33.752999+00:00,5710
2019-07-07 09:50:34.116499+00:00,5711
2019-07-07 09:50:34.483999+00:00,5712
2019-07-07 09:50:34.855499+00:00,5713
2019-07-07 09:50:35.340499+00:00,5714
2019-07-07 09:50:35.446999+00:00,5715
2019-07-07 09:50:35.816999+00:00,5716
2019-07-07 09:50:36.555000+00:00,5717
2019-07-07 09:50:37.181499+00:00,5718
2019-07-07 09:50:41.702999+00:00,5719
2019-07-07 09:50:42.100999+00:00,5720
2019-07-07 09:50:43.716999+00:00,5721
2019-07-07 09:50:45.133499+00:00,5722
2019-07-07 09:50:45.214499+00:00,5723
2019-07-07 09:50:45.487499+00:00,5724
2019-07-07 09:50:46.616999+00:00,5725
2019-07-07 09:50:47.442999+00:00,5726
2019-07-07 09:50:47.677999+00:00,5727
2019-07-07 09:50:48.101499+00:00,5728
2019-07-07 09:50:48.916999+00:00,5729
2019-07-07 09:50:49.389999+00:00,5730
2019-07-07 09:50:49.608999+00:00,5731
2019-07-07 09:50:52.737999+00:00,5732
2019-07-07 09:50:53.882999+00:00,5733
2019-07-07 09:50:54.314998+00:00,5734
2019-07-07 09:51:33.671999+00:00,5735
2019-07-07 09:51:34.049499+00:00,5736
2019-07-07 09:51:34.410499+00:00,5737
2019-07-07 09:51:34.486499+00:00,5738
2019-07-07 09:51:34.757499+00:00,5739
2019-07-07 09:51:35.133499+00:00,5740
2019-07-07 09:51:35.497498+00:00,5741
2019-07-07 09:51:35.577499+00:00,5742
2019-07-07 09:51:35.837999+00:00,5743
2019-07-07 09:51:36.276999+00:00,5744
2019-07-07 09:51:36.687999+00:00,5745
2019-07-07 09:51:36.808999+00:00,5746
2019-07-07 09:51:37.173499+00:00,5747
2019-07-07 09:51:37.252499+00:00,5748
2019-07-07 09:51:37.327499+00:00,5749
2019-07-07 09:51:43.994999+00:00,5750
2019-07-07 09:51:44.423999+00:00,5751
2019-07-07 09:51:44.506999+00:00,5752
2019-07-07 09:51:44.794999+00:00,5753
2019-07-07 09:51:44.878999+00:00,5754
2019-07-07 09:51:45.587999+00:00,5755
2019-07-07 09:51:46.386499+00:00,5756
2019-07-07 09:51:46.470499+00:00,5757
2019-07-07 09:51:46.930499+00:00,5758
2019-07-07 09:51:47.020500+00:00,5759
2019-07-07 09:51:51.412499+00:00,5760
2019-07-07 09:52:24.333499+00:00,5761
2019-07-07 09:52:24.410499+00:00,5762
2019-07-07 09:52:24.664499+00:00,5763
2019-07-07 09:52:24.942999+00:00,5764
2019-07-07 09:52:25.026999+00:00,5765
2019-07-07 09:52:25.362999+00:00,5766
2019-07-07 09:52:25.729499+00:00,5767
2019-07-07 09:52:25.803998+00:00,5768
2019-07-07 09:52:26.179999+00:00,5769
2019-07-07 09:52:26.257999+00:00,5770
2019-07-07 09:52:26.697999+00:00,5771
2019-07-07 09:52:27.052999+00:00,5772
2019-07-07 09:52:27.129999+00:00,5773
2019-07-07 09:52:27.746999+00:00,5774
2019-07-07 09:52:28.789999+00:00,5775
2019-07-07 09:52:29.370999+00:00,5776
2019-07-07 09:52:30.067999+00:00,5777
2019-07-07 09:52:30.404999+00:00,5778
2019-07-07 09:52:30.692499+00:00,5779
2019-07-07 09:52:30.818999+00:00,5780
2019-07-07 09:52:31.072999+00:00,5781
2019-07-07 09:52:31.716999+00:00,5782
2019-07-07 09:52:31.790999+00:00,5783
2019-07-07 09:52:33.943999+00:00,5784
2019-07-07 09:52:34.044499+00:00,5785
2019-07-07 09:52:38.213999+00:00,5786
2019-07-07 09:52:38.516500+00:00,5787
2019-07-07 09:52:39.937999+00:00,5788
2019-07-07 09:54:06.555999+00:00,5789
2019-07-07 09:54:07.290999+00:00,5790
2019-07-07 09:54:07.851999+00:00,5791
2019-07-07 09:54:11.231999+00:00,5792
2019-07-07 09:54:11.679999+00:00,5793
2019-07-07 09:54:13.168999+00:00,5794
2019-07-07 09:54:13.518999+00:00,5795
2019-07-07 09:54:14.188999+00:00,5796
2019-07-07 09:54:14.556499+00:00,5797
2019-07-07 09:54:14.848499+00:00,5798
2019-07-07 09:54:15.410999+00:00,5799
2019-07-07 09:54:16.208499+00:00,5800
2019-07-07 09:54:16.717498+00:00,5801
2019-07-07 09:54:16.927499+00:00,5802
2019-07-07 09:54:17.239498+00:00,5803
2019-07-07 09:54:17.504499+00:00,5804
2019-07-07 09:54:18.220499+00:00,5805
2019-07-07 09:54:18.609500+00:00,5806
2019-07-07 09:54:19.116999+00:00,5807
2019-07-07 09:54:19.448499+00:00,5808
2019-07-07 09:54:19.525499+00:00,5809
2019-07-07 09:54:20.192499+00:00,5810
2019-07-07 09:54:42.689999+00:00,5811
2019-07-07 09:56:13.396999+00:00,5812
2019-07-07 09:56:13.777999+00:00,5813
2019-07-07 09:56:14.087999+00:00,5814
2019-07-07 09:56:15.391999+00:00,5815
2019-07-07 09:56:15.723499+00:00,5816
2019-07-07 09:57:26.636499+00:00,5817
2019-07-07 09:57:27.038498+00:00,5818
2019-07-07 09:57:27.353499+00:00,5819
2019-07-07 09:57:27.717499+00:00,5820
2019-07-07 09:57:28.077499+00:00,5821
2019-07-07 09:57:29.005499+00:00,5822
2019-07-07 09:57:29.262499+00:00,5823
2019-07-07 09:57:29.625499+00:00,5824
2019-07-07 09:57:29.750499+00:00,5825
2019-07-07 09:57:30.621498+00:00,5826
2019-07-07 09:58:09.285499+00:00,5827
2019-07-07 09:58:09.735999+00:00,5828
2019-07-07 09:58:10.302999+00:00,5829
2019-07-07 09:58:10.628999+00:00,5830
2019-07-07 09:58:11.005499+00:00,5831
2019-07-07 09:58:11.366999+00:00,5832
2019-07-07 09:58:11.443999+00:00,5833
2019-07-07 09:58:11.700999+00:00,5834
2019-07-07 09:58:12.385999+00:00,5835
2019-07-07 09:58:32.106999+00:00,5836
2019-07-07 09:58:34.579000+00:00,5837
2019-07-07 09:58:35.002999+00:00,5838
2019-07-07 09:58:35.302999+00:00,5839
2019-07-07 09:58:36.087999+00:00,5840
2019-07-07 09:58:36.306999+00:00,5841
2019-07-07 09:58:37.466999+00:00,5842
2019-07-07 09:58:37.888999+00:00,5843
2019-07-07 09:58:38.811999+00:00,5844
2019-07-07 09:58:39.331999+00:00,5845
2019-07-07 09:58:39.900999+00:00,5846
2019-07-07 09:58:40.663999+00:00,5847
2019-07-07 09:58:41.207499+00:00,5848
2019-07-07 09:58:41.305499+00:00,5849
2019-07-07 09:58:41.450999+00:00,5850
2019-07-07 09:59:51.750999+00:00,5851
2019-07-07 09:59:52.482999+00:00,5852
2019-07-07 09:59:53.721499+00:00,5853
2019-07-07 09:59:53.948999+00:00,5854
2019-07-07 09:59:54.038999+00:00,5855
2019-07-07 09:59:54.114999+00:00,5856
2019-07-07 09:59:54.560999+00:00,5857
2019-07-07 09:59:56.166999+00:00,5858
2019-07-07 09:59:56.547999+00:00,5859
2019-07-07 09:59:56.817499+00:00,5860
2019-07-07 09:59:58.578998+00:00,5861
2019-07-07 09:59:59.217999+00:00,5862
2019-07-07 09:59:59.549999+00:00,5863
2019-07-07 09:59:59.870999+00:00,5864
2019-07-07 10:00:00.129999+00:00,5865
2019-07-07 10:00:00.790499+00:00,5866
2019-07-07 10:00:01.592499+00:00,5867
2019-07-07 10:00:02.917499+00:00,5868
2019-07-07 10:00:03.344999+00:00,5869
2019-07-07 10:00:03.636499+00:00,5870
2019-07-07 10:00:04.113499+00:00,5871
2019-07-07 10:01:22.028999+00:00,5872
2019-07-07 10:01:23.312999+00:00,5873
2019-07-07 10:01:24.536999+00:00,5874
2019-07-07 10:01:24.679999+00:00,5875
2019-07-07 10:01:24.970999+00:00,5876
2019-07-07 10:01:25.330499+00:00,5877
2019-07-07 10:01:25.890999+00:00,5878
2019-07-07 10:01:27.076999+00:00,5879
2019-07-07 10:01:27.822999+00:00,5880
2019-07-07 10:01:29.161999+00:00,5881
2019-07-07 10:01:29.731999+00:00,5882
2019-07-07 10:01:31.189999+00:00,5883
2019-07-07 10:01:31.266999+00:00,5884
2019-07-07 10:01:31.466499+00:00,5885
2019-07-07 10:01:31.848999+00:00,5886
2019-07-07 10:01:32.934999+00:00,5887
2019-07-07 10:01:33.514999+00:00,5888
2019-07-16 22:02:02.191000+00:00,5889
2019-07-16 22:02:22.840000+00:00,5890
2019-07-16 22:02:23.835000+00:00,5891
2019-07-16 22:03:05.323000+00:00,5892
2019-07-16 22:04:43.119000+00:00,5893
2019-07-16 22:04:43.472500+00:00,5894
2019-07-16 22:05:35.041500+00:00,5895
2019-07-16 22:06:01.300000+00:00,5896
2019-07-16 22:06:01.618500+00:00,5897
2019-07-16 22:06:02.549000+00:00,5898
2019-07-16 22:06:02.585000+00:00,5899
2019-07-16 22:06:04.454500+00:00,5900
2019-07-16 22:06:07.025000+00:00,5901
2019-07-16 22:06:08.957500+00:00,5902
2019-07-16 22:07:03.675000+00:00,5903
2019-07-16 22:07:18.483000+00:00,5904
2019-07-16 22:07:21.341000+00:00,5905
2019-07-16 22:07:24.119500+00:00,5906
2019-07-16 22:07:33.937500+00:00,5907
2019-07-16 22:07:39.110500+00:00,5908
2019-07-16 22:08:30.352000+00:00,5909
2019-07-16 22:09:57.212500+00:00,5910
2019-07-16 22:09:57.219500+00:00,5911
2019-07-16 22:10:32.579000+00:00,5912
2019-07-16 22:10:32.581000+00:00,5913
2019-07-16 22:10:54.143000+00:00,5914
2019-07-16 22:10:54.144000+00:00,5915
2019-07-16 22:10:54.482000+00:00,5916
2019-07-16 22:11:54.259500+00:00,5917
2019-07-16 22:12:21.438000+00:00,5918
2019-07-16 22:12:22.234500+00:00,5919
2019-07-16 22:12:24.480500+00:00,5920
2019-07-16 22:12:24.493500+00:00,5921
2019-07-16 22:12:24.633500+00:00,5922
2019-07-16 22:12:24.927000+00:00,5923
2019-07-16 22:12:26.337500+00:00,5924
2019-07-16 22:13:05.867500+00:00,5925
2019-07-16 22:13:06.159000+00:00,5926
2019-07-16 22:13:06.176000+00:00,5927
2019-07-16 22:13:06.227500+00:00,5928
2019-07-16 22:13:42.706000+00:00,5929
2019-07-16 22:14:07.788500+00:00,5930
2019-07-16 22:14:07.813500+00:00,5931
2019-07-16 22:14:07.860500+00:00,5932
2019-07-16 22:14:21.360000+00:00,5933
2019-07-16 22:14:21.926000+00:00,5934
2019-07-16 22:14:22.059500+00:00,5935
2019-07-16 22:14:24.970500+00:00,5936
2019-07-16 22:14:47.011000+00:00,5937
2019-07-16 22:15:27.595000+00:00,5938
2019-07-16 22:15:27.959500+00:00,5939
2019-07-16 22:15:27.994500+00:00,5940
2019-07-16 22:15:28.037500+00:00,5941
2019-07-16 22:15:28.076500+00:00,5942
2019-07-16 22:15:28.246000+00:00,5943
2019-07-16 22:15:28.384500+00:00,5944
2019-07-16 22:15:55.242000+00:00,5945
2019-07-16 22:15:55.319000+00:00,5946
2019-07-16 22:15:55.319500+00:00,5947
2019-07-16 22:16:13.286500+00:00,5948
2019-07-16 22:16:58.992000+00:00,5949
2019-07-16 22:17:17.589000+00:00,5950
2019-07-16 22:17:18.135500+00:00,5951
2019-07-16 22:17:34.154000+00:00,5952
2019-07-16 22:17:34.764000+00:00,5953
2019-07-16 22:17:35.016000+00:00,5954
2019-07-16 22:17:35.199500+00:00,5955
2019-07-16 22:17:35.877000+00:00,5956
2019-07-16 22:17:39.992000+00:00,5957
2019-07-16 22:17:40.020000+00:00,5958
2019-07-16 22:18:16.200500+00:00,5959
2019-07-16 22:18:18.706000+00:00,5960
2019-07-16 22:19:25.662500+00:00,5961
2019-07-16 22:20:13.538500+00:00,5962
2019-07-16 22:20:13.721500+00:00,5963
2019-07-16 22:20:13.728500+00:00,5964
2019-07-16 22:20:14.062500+00:00,5965
2019-07-16 22:20:31.898500+00:00,5966
2019-07-16 22:20:33.549500+00:00,5967
2019-07-16 22:20:33.556500+00:00,5968
2019-07-16 22:20:37.897999+00:00,5969
2019-07-16 22:20:37.898000+00:00,5970
2019-07-16 22:20:37.898000+00:00,5971
2019-07-16 22:20:37.898000+00:00,5972
2019-07-16 22:20:38.117999+00:00,5973
2019-07-16 22:20:38.118000+00:00,5974
2019-07-16 22:20:38.118000+00:00,5975
2019-07-16 22:20:38.118000+00:00,5976
2019-07-16 22:21:43.279000+00:00,5977
2019-07-16 22:21:43.283000+00:00,5978
2019-07-16 22:22:12.988000+00:00,5979
2019-07-16 22:22:12.994000+00:00,5980
2019-07-16 22:22:29.586000+00:00,5981
2019-07-16 22:22:52.508000+00:00,5982
2019-07-16 22:22:52.522000+00:00,5983
2019-07-16 22:22:52.720500+00:00,5984
2019-07-16 22:23:08.748000+00:00,5985
2019-07-16 22:23:08.762000+00:00,5986
2019-07-16 22:23:57.795000+00:00,5987
2019-07-16 22:23:57.817000+00:00,5988
2019-07-16 22:23:57.961000+00:00,5989
2019-07-16 22:24:03.039000+00:00,5990
2019-07-16 22:24:57.068000+00:00,5991
2019-07-16 22:24:57.188000+00:00,5992
2019-07-16 22:24:57.412500+00:00,5993
2019-07-16 22:24:57.927000+00:00,5994
2019-07-16 22:24:58.661000+00:00,5995
2019-07-16 22:24:59.123000+00:00,5996
2019-07-16 22:24:59.348000+00:00,5997
2019-07-16 22:24:59.378000+00:00,5998
2019-07-16 22:24:59.501500+00:00,5999
2019-07-16 22:25:27.487500+00:00,6000
2019-07-16 22:25:27.589500+00:00,6001
2019-07-16 22:25:27.982500+00:00,6002
2019-07-16 22:25:57.066000+00:00,6003
2019-07-16 22:25:57.166000+00:00,6004
2019-07-16 22:26:28.408500+00:00,6005
2019-07-16 22:26:28.447500+00:00,6006
2019-07-16 22:26:40.749000+00:00,6007
2019-07-16 22:26:41.269000+00:00,6008
2019-07-16 22:26:42.180000+00:00,6009
2019-07-16 22:26:43.125000+00:00,6010
2019-07-16 22:26:49.691500+00:00,6011
2019-07-16 22:26:49.730499+00:00,6012
2019-07-16 22:27:07.602500+00:00,6013
2019-07-16 22:28:01.182000+00:00,6014
2019-07-16 22:28:01.212999+00:00,6015
2019-07-16 22:28:01.579000+00:00,6016
2019-07-16 22:28:01.771000+00:00,6017
2019-07-16 22:28:01.894000+00:00,6018
2019-07-16 22:28:02.156000+00:00,6019
2019-07-16 22:28:02.185999+00:00,6020
2019-07-16 22:28:04.442000+00:00,6021
2019-07-16 22:28:31.296000+00:00,6022
2019-07-16 22:28:31.753500+00:00,6023
2019-07-16 22:29:39.919000+00:00,6024
2019-07-16 22:30:17.840500+00:00,6025
2019-07-16 22:30:17.851499+00:00,6026
2019-07-16 22:30:21.199000+00:00,6027
2019-07-16 22:30:21.209999+00:00,6028
2019-07-16 22:30:56.159500+00:00,6029
2019-07-16 22:30:56.167499+00:00,6030
2019-07-16 22:32:47.862499+00:00,6031
2019-07-16 22:32:47.870500+00:00,6032
2019-07-16 22:33:11.045498+00:00,6033
2019-07-16 22:33:11.058500+00:00,6034
2019-07-16 22:33:11.658499+00:00,6035
2019-07-16 22:33:11.944999+00:00,6036
2019-07-16 22:33:11.954000+00:00,6037
2019-07-16 22:33:12.041999+00:00,6038
2019-07-16 22:33:12.787998+00:00,6039
2019-07-16 22:33:14.210999+00:00,6040
2019-07-16 22:33:14.220000+00:00,6041
2019-07-16 22:33:14.398500+00:00,6042
2019-07-16 22:33:56.636000+00:00,6043
2019-07-16 22:35:01.279999+00:00,6044
2019-07-16 22:35:01.280000+00:00,6045
2019-07-16 22:35:01.280000+00:00,6046
2019-07-16 22:35:01.280000+00:00,6047
2019-07-16 22:44:40.898000+00:00,6048
2019-07-16 22:44:41.545000+00:00,6049
2019-07-16 22:44:42.082500+00:00,6050
2019-07-16 22:44:43.667000+00:00,6051
2019-07-16 22:44:44.929000+00:00,6052
2019-07-16 22:44:44.968500+00:00,6053
2019-07-16 22:44:45.942000+00:00,6054
2019-07-16 22:44:46.354000+00:00,6055
2019-07-16 22:44:46.653000+00:00,6056
2019-07-16 22:44:47.670000+00:00,6057
2019-07-16 22:44:47.984000+00:00,6058
2019-07-16 22:44:48.101500+00:00,6059
2019-07-16 22:44:48.423000+00:00,6060
2019-07-16 22:44:48.828000+00:00,6061
2019-07-16 22:44:50.521000+00:00,6062
2019-07-16 22:44:51.541000+00:00,6063
2019-07-16 22:44:52.851000+00:00,6064
2019-07-16 22:44:53.193000+00:00,6065
2019-07-16 22:44:53.513000+00:00,6066
2019-07-16 22:44:53.856000+00:00,6067
2019-07-16 22:44:53.946500+00:00,6068
2019-07-16 22:44:54.269500+00:00,6069
2019-07-16 22:44:54.552000+00:00,6070
2019-07-16 22:44:54.987500+00:00,6071
2019-07-16 22:44:55.326000+00:00,6072
2019-07-16 22:44:55.982000+00:00,6073
2019-07-16 22:44:57.285000+00:00,6074
2019-07-16 22:44:57.649000+00:00,6075
2019-07-16 22:44:58.865000+00:00,6076
2019-07-16 22:45:00.174000+00:00,6077
2019-07-16 22:45:00.522000+00:00,6078
2019-07-16 22:45:00.810000+00:00,6079
2019-07-16 22:45:02.167000+00:00,6080
2019-07-16 22:45:04.359000+00:00,6081
2019-07-16 22:45:05.720000+00:00,6082
2019-07-16 22:45:06.786000+00:00,6083
2019-07-16 22:45:07.135000+00:00,6084
2019-07-16 22:45:07.561000+00:00,6085
2019-07-16 22:45:39.307000+00:00,6086
2019-07-16 22:45:39.827000+00:00,6087
2019-07-16 22:45:40.453000+00:00,6088
2019-07-16 22:45:40.788000+00:00,6089
2019-07-16 22:45:41.164000+00:00,6090
2019-07-16 22:45:42.402000+00:00,6091
2019-07-16 22:45:42.442000+00:00,6092
2019-07-16 22:45:42.494000+00:00,6093
2019-07-16 22:46:17.839000+00:00,6094
2019-07-16 22:46:17.919000+00:00,6095
2019-07-16 22:46:18.942500+00:00,6096
2019-07-16 22:46:19.295000+00:00,6097
2019-07-16 22:46:19.640000+00:00,6098
2019-07-16 22:46:19.774000+00:00,6099
2019-07-16 22:46:21.368500+00:00,6100
2019-07-16 22:46:24.156500+00:00,6101
2019-07-16 22:46:24.904500+00:00,6102
2019-07-16 22:46:24.980000+00:00,6103
2019-07-16 22:46:25.118000+00:00,6104
2019-07-16 22:46:25.483000+00:00,6105
2019-07-16 22:46:27.681500+00:00,6106
2019-07-16 22:46:28.135500+00:00,6107
2019-07-16 22:46:28.682500+00:00,6108
2019-07-16 22:46:29.040500+00:00,6109
2019-07-16 22:46:29.473000+00:00,6110
2019-07-16 22:46:29.974500+00:00,6111
2019-07-16 22:46:30.063500+00:00,6112
2019-07-16 22:46:30.461500+00:00,6113
2019-07-16 22:46:30.839500+00:00,6114
2019-07-16 22:46:30.922500+00:00,6115
2019-07-16 22:46:31.177000+00:00,6116
2019-07-16 22:46:31.558000+00:00,6117
2019-07-16 22:46:31.976000+00:00,6118
2019-07-16 22:46:32.551500+00:00,6119
2019-07-16 22:46:33.016000+00:00,6120
2019-07-16 22:46:33.391500+00:00,6121
2019-07-16 22:46:33.467500+00:00,6122
2019-07-16 22:46:33.785500+00:00,6123
2019-07-16 22:46:33.859500+00:00,6124
2019-07-16 22:46:39.360000+00:00,6125
2019-07-16 22:46:39.398000+00:00,6126
2019-07-16 22:46:40.329000+00:00,6127
2019-07-16 22:46:40.665000+00:00,6128
2019-07-16 22:46:41.756500+00:00,6129
2019-07-16 22:46:45.687000+00:00,6130
2019-07-16 22:46:45.883000+00:00,6131
2019-07-16 22:46:46.545000+00:00,6132
2019-07-16 22:46:46.968500+00:00,6133
2019-07-16 22:46:51.715000+00:00,6134
2019-07-16 22:46:51.844000+00:00,6135
2019-07-16 22:46:52.437500+00:00,6136
2019-07-16 22:47:05.821000+00:00,6137
2019-07-16 22:47:07.046000+00:00,6138
2019-07-16 22:47:18.881000+00:00,6139
2019-07-16 22:47:19.374000+00:00,6140
2019-07-16 22:47:37.853500+00:00,6141
2019-07-16 22:47:38.575500+00:00,6142
2019-07-16 22:48:09.596500+00:00,6143
2019-07-16 22:48:11.560000+00:00,6144
2019-07-16 22:48:12.052000+00:00,6145
2019-07-16 22:48:12.082000+00:00,6146
2019-07-16 22:48:13.607500+00:00,6147
2019-07-16 22:48:43.636000+00:00,6148
2019-07-16 22:48:43.664000+00:00,6149
2019-07-16 22:48:44.036000+00:00,6150
2019-07-16 22:49:00.544500+00:00,6151
2019-07-16 22:49:00.571500+00:00,6152
2019-07-16 22:49:01.534500+00:00,6153
2019-07-16 22:49:02.751500+00:00,6154
2019-07-16 22:49:07.571500+00:00,6155
2019-07-16 22:49:08.333500+00:00,6156
2019-07-16 22:49:08.363500+00:00,6157
2019-07-16 22:49:08.958000+00:00,6158
2019-07-16 22:49:09.401000+00:00,6159
2019-07-16 22:49:09.774000+00:00,6160
2019-07-16 22:49:11.349500+00:00,6161
2019-07-16 22:49:12.430000+00:00,6162
2019-07-16 22:49:13.535000+00:00,6163
2019-07-16 22:49:15.808500+00:00,6164
2019-07-16 22:49:44.478000+00:00,6165
2019-07-16 22:49:44.939000+00:00,6166
2019-07-16 22:49:44.963000+00:00,6167
2019-07-16 22:49:45.096500+00:00,6168
2019-07-16 22:49:45.120500+00:00,6169
2019-07-16 22:49:45.364000+00:00,6170
2019-07-16 22:49:45.648000+00:00,6171
2019-07-16 22:49:53.713000+00:00,6172
2019-07-16 22:49:57.006500+00:00,6173
2019-07-16 22:49:57.030500+00:00,6174
2019-07-16 22:49:57.338000+00:00,6175
2019-07-16 22:49:59.488500+00:00,6176
2019-07-16 22:50:00.013500+00:00,6177
2019-07-16 22:50:00.046500+00:00,6178
2019-07-16 22:50:00.384500+00:00,6179
2019-07-16 22:50:00.407500+00:00,6180
2019-07-16 22:50:00.873500+00:00,6181
2019-07-16 22:50:00.900500+00:00,6182
2019-07-16 22:50:01.346500+00:00,6183
2019-07-16 22:50:01.373500+00:00,6184
2019-07-16 22:50:01.750500+00:00,6185
2019-07-16 22:50:01.773500+00:00,6186
2019-07-16 22:50:01.838500+00:00,6187
2019-07-16 22:50:02.138000+00:00,6188
2019-07-16 22:50:02.160000+00:00,6189
2019-07-16 22:50:02.475000+00:00,6190
2019-07-16 22:50:02.498000+00:00,6191
2019-07-16 22:50:02.888500+00:00,6192
2019-07-16 22:50:02.911500+00:00,6193
2019-07-16 22:50:03.210500+00:00,6194
2019-07-16 22:50:04.018500+00:00,6195
2019-07-16 22:50:05.149500+00:00,6196
2019-07-16 22:50:05.172500+00:00,6197
2019-07-16 22:50:05.427500+00:00,6198
2019-07-16 22:50:05.450000+00:00,6199
2019-07-16 22:50:06.705000+00:00,6200
2019-07-16 22:50:07.754000+00:00,6201
2019-07-16 22:50:07.776000+00:00,6202
2019-07-16 22:50:08.173500+00:00,6203
2019-07-16 22:50:08.211500+00:00,6204
2019-07-16 22:50:10.950000+00:00,6205
2019-07-16 22:50:10.973000+00:00,6206
2019-07-16 22:50:12.202000+00:00,6207
2019-07-16 22:50:12.224000+00:00,6208
2019-07-16 22:50:12.635000+00:00,6209
2019-07-16 22:50:12.658000+00:00,6210
2019-07-16 22:50:13.033000+00:00,6211
2019-07-16 22:50:13.055000+00:00,6212
2019-07-16 22:50:13.554000+00:00,6213
2019-07-16 22:50:26.005500+00:00,6214
2019-07-16 22:50:26.026500+00:00,6215
2019-07-16 22:50:27.561500+00:00,6216
2019-07-16 22:50:27.684500+00:00,6217
2019-07-16 22:50:28.127500+00:00,6218
2019-07-16 22:50:28.149500+00:00,6219
2019-07-16 22:50:28.913500+00:00,6220
2019-07-16 22:50:28.934500+00:00,6221
2019-07-16 22:50:29.333500+00:00,6222
2019-07-16 22:50:29.354500+00:00,6223
2019-07-16 22:50:29.912500+00:00,6224
2019-07-16 22:50:29.934500+00:00,6225
2019-07-16 22:50:30.357000+00:00,6226
2019-07-16 22:50:30.378000+00:00,6227
2019-07-16 22:50:31.274500+00:00,6228
2019-07-16 22:50:31.295500+00:00,6229
2019-07-16 22:50:32.289000+00:00,6230
2019-07-16 22:50:32.310000+00:00,6231
2019-07-16 22:50:32.368000+00:00,6232
2019-07-16 22:50:32.389000+00:00,6233
2019-07-16 22:50:32.758500+00:00,6234
2019-07-16 22:50:32.779500+00:00,6235
2019-07-16 22:50:34.435500+00:00,6236
2019-07-16 22:50:34.456500+00:00,6237
2019-07-16 22:50:36.168000+00:00,6238
2019-07-16 22:50:38.734500+00:00,6239
2019-07-16 22:50:38.758500+00:00,6240
2019-07-16 22:50:40.919000+00:00,6241
2019-07-16 22:50:40.939000+00:00,6242
2019-07-16 22:50:43.490500+00:00,6243
2019-07-16 22:51:20.454000+00:00,6244
2019-07-16 22:51:20.472000+00:00,6245
2019-07-16 22:51:20.813000+00:00,6246
2019-07-16 22:51:20.831500+00:00,6247
2019-07-16 22:51:21.996500+00:00,6248
2019-07-16 22:51:22.014500+00:00,6249
2019-07-16 22:52:10.895000+00:00,6250
2019-07-16 22:52:10.909000+00:00,6251
2019-07-16 22:52:11.352500+00:00,6252
2019-07-16 22:52:11.366500+00:00,6253
2019-07-16 22:52:14.179500+00:00,6254
2019-07-16 22:52:14.193500+00:00,6255
2019-07-16 22:52:14.897000+00:00,6256
2019-07-16 22:52:16.450500+00:00,6257
2019-07-16 22:52:16.462500+00:00,6258
2019-07-16 22:53:19.119500+00:00,6259
2019-07-16 22:53:19.128500+00:00,6260
2019-07-16 22:53:19.540000+00:00,6261
2019-07-16 22:53:19.828500+00:00,6262
2019-07-16 22:53:19.835500+00:00,6263
2019-07-16 22:53:25.570000+00:00,6264
2019-07-16 22:53:25.576000+00:00,6265
2019-07-16 22:54:18.093000+00:00,6266
2019-07-16 22:54:18.098000+00:00,6267
2019-07-16 22:54:31.103000+00:00,6268
2019-07-16 22:54:31.107000+00:00,6269
2019-07-16 22:54:45.546500+00:00,6270
2019-07-16 22:54:45.547500+00:00,6271
2019-07-16 22:54:46.989000+00:00,6272
2019-07-16 22:54:49.116000+00:00,6273
2019-07-16 22:54:49.244000+00:00,6274
2019-07-16 22:54:49.246000+00:00,6275
2019-07-16 22:54:52.430000+00:00,6276
2019-07-16 22:54:52.430000+00:00,6277
2019-07-16 22:54:53.100000+00:00,6278
2019-07-16 22:54:53.100000+00:00,6279
2019-07-16 22:54:54.532500+00:00,6280
2019-07-16 22:54:57.586000+00:00,6281
2019-07-16 22:54:57.588000+00:00,6282
2019-07-16 22:54:58.162500+00:00,6283
2019-07-16 22:54:58.163500+00:00,6284
2019-07-16 22:54:59.384500+00:00,6285
2019-07-16 22:54:59.385500+00:00,6286
2019-07-16 22:55:00.411500+00:00,6287
2019-07-16 22:55:00.411500+00:00,6288
2019-07-16 22:55:03.176500+00:00,6289
2019-07-16 22:55:03.653500+00:00,6290
2019-07-16 22:55:03.654500+00:00,6291
2019-07-16 22:55:05.012000+00:00,6292
2019-07-16 22:55:44.458500+00:00,6293
2019-07-16 22:55:46.738000+00:00,6294
2019-07-16 22:56:09.960000+00:00,6295
2019-07-16 22:56:26.285000+00:00,6296
2019-07-16 22:56:26.291000+00:00,6297
2019-07-16 22:56:26.363000+00:00,6298
2019-07-16 22:56:26.703000+00:00,6299
2019-07-16 22:56:27.093500+00:00,6300
2019-07-16 22:56:27.100500+00:00,6301
2019-07-16 22:56:27.670500+00:00,6302
2019-07-16 22:56:27.677500+00:00,6303
2019-07-16 22:56:28.178500+00:00,6304
2019-07-16 22:56:28.677500+00:00,6305
2019-07-16 22:56:31.546000+00:00,6306
2019-07-16 22:56:32.218500+00:00,6307
2019-07-16 22:56:32.532500+00:00,6308
2019-07-16 22:56:32.539500+00:00,6309
2019-07-16 22:56:32.809500+00:00,6310
2019-07-16 22:56:33.631500+00:00,6311
2019-07-16 22:56:35.242500+00:00,6312
2019-07-16 22:56:35.249500+00:00,6313
2019-07-16 22:56:35.912500+00:00,6314
2019-07-16 22:56:36.312000+00:00,6315
2019-07-16 22:56:39.864500+00:00,6316
2019-07-16 22:56:39.871500+00:00,6317
2019-07-16 22:56:40.434000+00:00,6318
2019-07-16 22:56:40.442000+00:00,6319
2019-07-16 22:56:40.674000+00:00,6320
2019-07-16 22:56:40.683000+00:00,6321
2019-07-16 22:56:41.373500+00:00,6322
2019-07-16 22:56:42.223000+00:00,6323
2019-07-16 22:56:42.496000+00:00,6324
2019-07-16 22:56:43.048000+00:00,6325
2019-07-16 22:56:43.055000+00:00,6326
2019-07-16 22:56:43.859000+00:00,6327
2019-07-16 22:56:46.366000+00:00,6328
2019-07-16 22:56:47.124000+00:00,6329
2019-07-16 22:56:47.508000+00:00,6330
2019-07-16 22:56:48.171000+00:00,6331
2019-07-16 22:56:48.722000+00:00,6332
2019-07-16 22:56:48.730000+00:00,6333
2019-07-16 22:56:48.815000+00:00,6334
2019-07-16 22:56:48.852000+00:00,6335
2019-07-16 22:56:49.329500+00:00,6336
2019-07-16 22:56:49.337500+00:00,6337
2019-07-16 22:56:59.233500+00:00,6338
2019-07-16 22:56:59.931500+00:00,6339
2019-07-16 22:57:00.175500+00:00,6340
2019-07-16 22:57:00.185500+00:00,6341
2019-07-16 22:57:00.592500+00:00,6342
2019-07-16 22:57:00.986500+00:00,6343
2019-07-16 22:57:33.532000+00:00,6344
2019-07-16 22:57:34.081500+00:00,6345
2019-07-16 22:57:34.092500+00:00,6346
2019-07-16 22:57:34.166500+00:00,6347
2019-07-16 22:57:34.525000+00:00,6348
2019-07-16 22:57:34.832000+00:00,6349
2019-07-16 22:57:34.844000+00:00,6350
2019-07-16 22:57:35.650000+00:00,6351
2019-07-16 22:57:35.944000+00:00,6352
2019-07-16 22:57:35.955000+00:00,6353
2019-07-16 22:57:36.078000+00:00,6354
2019-07-16 22:57:36.453000+00:00,6355
2019-07-16 22:57:36.466000+00:00,6356
2019-07-16 22:57:36.865500+00:00,6357
2019-07-16 22:57:36.975000+00:00,6358
2019-07-16 22:57:37.286000+00:00,6359
2019-07-16 22:57:37.435000+00:00,6360
2019-07-16 22:57:37.447000+00:00,6361
2019-07-16 22:57:37.709000+00:00,6362
2019-07-16 22:57:37.721000+00:00,6363
2019-07-16 22:57:37.866000+00:00,6364
2019-07-16 22:57:37.878000+00:00,6365
2019-07-16 22:57:38.116000+00:00,6366
2019-07-16 22:57:38.128000+00:00,6367
2019-07-16 22:57:38.723000+00:00,6368
2019-07-16 22:57:39.120000+00:00,6369
2019-07-16 22:57:39.438000+00:00,6370
2019-07-16 22:57:39.449000+00:00,6371
2019-07-16 22:57:40.603000+00:00,6372
2019-07-16 22:57:54.860500+00:00,6373
2019-07-16 22:57:55.926500+00:00,6374
2019-07-16 22:57:56.487500+00:00,6375
2019-07-16 22:57:58.211500+00:00,6376
2019-07-16 22:58:01.349500+00:00,6377
2019-07-16 22:58:03.630500+00:00,6378
2019-07-16 22:58:04.698000+00:00,6379
2019-07-16 22:58:04.710000+00:00,6380
2019-07-16 22:58:04.998000+00:00,6381
2019-07-16 22:58:05.336000+00:00,6382
2019-07-16 22:58:05.593000+00:00,6383
2019-07-16 22:58:06.078000+00:00,6384
2019-07-16 22:58:06.432000+00:00,6385
2019-07-16 22:58:06.515000+00:00,6386
2019-07-16 22:58:06.753500+00:00,6387
2019-07-16 22:58:07.292000+00:00,6388
2019-07-16 22:58:07.601500+00:00,6389
2019-07-16 22:58:09.453000+00:00,6390
2019-07-16 22:58:10.363000+00:00,6391
2019-07-16 22:58:11.891000+00:00,6392
2019-07-16 22:58:12.236000+00:00,6393
2019-07-16 22:58:13.353000+00:00,6394
2019-07-16 22:58:13.713500+00:00,6395
2019-07-16 22:58:14.121500+00:00,6396
2019-07-16 22:58:14.135500+00:00,6397
2019-07-16 22:58:14.565000+00:00,6398
2019-07-16 22:58:15.587500+00:00,6399
2019-07-16 22:58:15.662500+00:00,6400
2019-07-16 22:58:18.073000+00:00,6401
2019-07-16 22:58:18.974500+00:00,6402
2019-07-16 22:58:19.295500+00:00,6403
2019-07-16 22:58:19.309500+00:00,6404
2019-07-16 22:58:19.748500+00:00,6405
2019-07-16 22:58:19.886500+00:00,6406
2019-07-16 22:58:20.316500+00:00,6407
2019-07-16 22:58:20.759500+00:00,6408
2019-07-16 22:58:21.321000+00:00,6409
2019-07-16 22:58:21.786500+00:00,6410
2019-07-16 22:58:21.801500+00:00,6411
2019-07-16 22:58:21.898500+00:00,6412
2019-07-16 22:58:22.332500+00:00,6413
2019-07-16 22:58:22.710500+00:00,6414
2019-07-16 22:58:23.281500+00:00,6415
2019-07-16 22:58:25.721000+00:00,6416
2019-07-16 22:58:25.819000+00:00,6417
2019-07-16 22:58:38.335000+00:00,6418
2019-07-16 22:58:38.410000+00:00,6419
2019-07-16 22:58:39.599000+00:00,6420
2019-07-16 22:58:39.992000+00:00,6421
2019-07-16 22:58:41.213000+00:00,6422
2019-07-16 22:58:54.833500+00:00,6423
2019-07-16 22:58:55.819000+00:00,6424
2019-07-16 22:58:57.148000+00:00,6425
2019-07-16 22:58:57.165000+00:00,6426
2019-07-16 22:58:57.599500+00:00,6427
2019-07-16 22:58:57.616500+00:00,6428
2019-07-16 22:58:57.936500+00:00,6429
2019-07-16 22:58:58.635500+00:00,6430
2019-07-16 22:58:58.653000+00:00,6431
2019-07-16 22:58:58.907000+00:00,6432
2019-07-16 22:58:58.924000+00:00,6433
2019-07-16 22:58:59.251500+00:00,6434
2019-07-16 22:58:59.967000+00:00,6435
2019-07-16 22:58:59.984000+00:00,6436
2019-07-16 22:59:00.088000+00:00,6437
2019-07-16 22:59:00.555000+00:00,6438
2019-07-16 22:59:01.004500+00:00,6439
2019-07-16 22:59:01.186500+00:00,6440
2019-07-16 22:59:30.499000+00:00,6441
2019-07-16 22:59:31.255000+00:00,6442
2019-07-16 22:59:31.843000+00:00,6443
2019-07-16 22:59:33.412000+00:00,6444
2019-07-16 22:59:34.163000+00:00,6445
2019-07-16 22:59:34.885000+00:00,6446
2019-07-16 22:59:34.905000+00:00,6447
2019-07-16 22:59:34.953500+00:00,6448
2019-07-16 22:59:34.974000+00:00,6449
2019-07-16 22:59:35.396000+00:00,6450
2019-07-16 22:59:35.515500+00:00,6451
2019-07-16 22:59:35.745000+00:00,6452
2019-07-16 22:59:35.765000+00:00,6453
2019-07-16 22:59:36.104500+00:00,6454
2019-07-16 22:59:36.124500+00:00,6455
2019-07-16 22:59:36.438000+00:00,6456
2019-07-16 22:59:38.857000+00:00,6457
2019-07-16 22:59:39.554500+00:00,6458
2019-07-16 22:59:40.124000+00:00,6459
2019-07-16 22:59:40.585000+00:00,6460
2019-07-16 22:59:46.888500+00:00,6461
2019-07-16 22:59:46.970500+00:00,6462
2019-07-16 22:59:47.559000+00:00,6463
2019-07-16 22:59:47.579000+00:00,6464
2019-07-16 23:00:15.649500+00:00,6465
2019-07-16 23:00:16.022500+00:00,6466
2019-07-16 23:00:32.253500+00:00,6467
2019-07-16 23:00:32.661500+00:00,6468
2019-07-16 23:00:32.966000+00:00,6469
2019-07-16 23:00:33.688000+00:00,6470
2019-07-16 23:00:34.092000+00:00,6471
2019-07-16 23:00:34.338000+00:00,6472
2019-07-16 23:00:56.852000+00:00,6473
2019-07-16 23:00:57.185000+00:00,6474
2019-07-16 23:00:59.351000+00:00,6475
2019-07-16 23:01:27.664500+00:00,6476
2019-07-16 23:01:27.756000+00:00,6477
2019-07-16 23:01:28.272500+00:00,6478
2019-07-16 23:01:28.854500+00:00,6479
2019-07-16 23:01:38.436000+00:00,6480
2019-07-16 23:01:38.719500+00:00,6481
2019-07-16 23:01:38.811500+00:00,6482
2019-07-16 23:01:39.735500+00:00,6483
2019-07-16 23:01:39.861500+00:00,6484
2019-07-16 23:01:40.481500+00:00,6485
2019-07-16 23:02:47.191000+00:00,6486
2019-07-16 23:02:48.368000+00:00,6487
2019-07-16 23:02:58.986000+00:00,6488
2019-07-16 23:02:59.020000+00:00,6489
2019-07-16 23:02:59.063500+00:00,6490
2019-07-16 23:02:59.081000+00:00,6491
2019-07-16 23:02:59.161500+00:00,6492
2019-07-16 23:02:59.276000+00:00,6493
2019-07-16 23:02:59.910000+00:00,6494
2019-07-16 23:03:00.568000+00:00,6495
2019-07-16 23:03:03.198500+00:00,6496
2019-07-16 23:03:04.430000+00:00,6497
2019-07-16 23:03:04.728500+00:00,6498
2019-07-16 23:03:04.900500+00:00,6499
2019-07-16 23:03:05.794500+00:00,6500
2019-07-16 23:03:53.686000+00:00,6501
2019-07-16 23:03:54.437000+00:00,6502
2019-07-16 23:03:54.519000+00:00,6503
2019-07-16 23:03:54.835500+00:00,6504
2019-07-16 23:03:54.912500+00:00,6505
2019-07-16 23:03:55.074000+00:00,6506
2019-07-16 23:03:55.595000+00:00,6507
2019-07-16 23:04:34.633000+00:00,6508
2019-07-16 23:04:34.726000+00:00,6509
2019-07-16 23:04:35.115500+00:00,6510
2019-07-16 23:04:36.188000+00:00,6511
2019-07-16 23:04:36.534500+00:00,6512
2019-07-16 23:04:36.609500+00:00,6513
2019-07-16 23:04:36.998500+00:00,6514
2019-07-16 23:04:37.607500+00:00,6515
2019-07-16 23:04:53.950000+00:00,6516
2019-07-16 23:04:54.688500+00:00,6517
2019-07-16 23:04:55.030000+00:00,6518
2019-07-16 23:04:55.270000+00:00,6519
2019-07-16 23:04:56.015000+00:00,6520
2019-07-16 23:04:56.349000+00:00,6521
2019-07-16 23:04:56.839000+00:00,6522
2019-07-16 23:04:56.951000+00:00,6523
2019-07-16 23:04:57.306000+00:00,6524
2019-07-16 23:05:00.870000+00:00,6525
2019-07-16 23:05:01.432500+00:00,6526
2019-07-16 23:05:01.845000+00:00,6527
2019-07-16 23:05:01.923000+00:00,6528
2019-07-16 23:05:02.041000+00:00,6529
2019-07-16 23:05:02.992000+00:00,6530
2019-07-16 23:05:03.288000+00:00,6531
2019-07-16 23:06:24.477000+00:00,6532
2019-07-16 23:06:24.839500+00:00,6533
2019-07-16 23:06:25.829500+00:00,6534
2019-07-16 23:06:26.064500+00:00,6535
2019-07-16 23:06:26.511000+00:00,6536
2019-07-16 23:06:27.013500+00:00,6537
2019-07-16 23:06:27.395500+00:00,6538
2019-07-16 23:06:27.401000+00:00,6539
2019-07-16 23:06:27.426500+00:00,6540
2019-07-16 23:06:27.481500+00:00,6541
2019-07-16 23:06:27.894500+00:00,6542
2019-07-16 23:06:28.515500+00:00,6543
2019-07-16 23:06:28.546500+00:00,6544
2019-07-16 23:06:28.620500+00:00,6545
2019-07-16 23:06:28.820500+00:00,6546
2019-07-16 23:06:30.156500+00:00,6547
2019-07-16 23:06:30.507500+00:00,6548
2019-07-16 23:06:31.326500+00:00,6549
2019-07-16 23:06:31.589500+00:00,6550
2019-07-16 23:06:32.267500+00:00,6551
2019-07-16 23:06:32.826500+00:00,6552
2019-07-16 23:06:33.251000+00:00,6553
2019-07-16 23:06:34.204000+00:00,6554
2019-07-16 23:06:34.805500+00:00,6555
2019-07-16 23:06:36.151000+00:00,6556
2019-07-16 23:06:37.398500+00:00,6557
2019-07-16 23:06:38.279000+00:00,6558
2019-07-16 23:06:38.712000+00:00,6559
2019-07-16 23:06:39.177000+00:00,6560
2019-07-16 23:06:39.207000+00:00,6561
2019-07-16 23:06:39.252000+00:00,6562
2019-07-16 23:06:39.593000+00:00,6563
2019-07-16 23:06:39.689500+00:00,6564
2019-07-16 23:06:52.675500+00:00,6565
2019-07-16 23:06:53.007000+00:00,6566
2019-07-16 23:06:53.259500+00:00,6567
2019-07-16 23:06:53.288500+00:00,6568
2019-07-16 23:06:53.645500+00:00,6569
2019-07-16 23:06:53.897500+00:00,6570
2019-07-16 23:06:54.030500+00:00,6571
2019-07-16 23:06:55.947000+00:00,6572
2019-07-16 23:06:55.975000+00:00,6573
2019-07-16 23:06:57.217000+00:00,6574
2019-07-16 23:07:34.081500+00:00,6575
2019-07-16 23:07:34.495000+00:00,6576
2019-07-16 23:07:35.908000+00:00,6577
2019-07-16 23:07:36.358000+00:00,6578
2019-07-16 23:08:00.068500+00:00,6579
2019-07-16 23:08:00.694500+00:00,6580
2019-07-16 23:08:01.401000+00:00,6581
2019-07-16 23:08:01.424000+00:00,6582
2019-07-16 23:08:01.512000+00:00,6583
2019-07-16 23:08:02.446500+00:00,6584
2019-07-16 23:08:02.471500+00:00,6585
2019-07-16 23:08:03.022000+00:00,6586
2019-07-16 23:08:03.098000+00:00,6587
2019-07-16 23:08:03.413000+00:00,6588
2019-07-16 23:08:04.058000+00:00,6589
2019-07-16 23:08:04.964000+00:00,6590
2019-07-16 23:08:05.268500+00:00,6591
2019-07-16 23:08:05.592500+00:00,6592
2019-07-16 23:08:09.308000+00:00,6593
2019-07-16 23:08:30.275500+00:00,6594
2019-07-16 23:08:30.663000+00:00,6595
2019-07-16 23:08:31.045000+00:00,6596
2019-07-16 23:08:31.067000+00:00,6597
2019-07-16 23:08:32.061000+00:00,6598
2019-07-16 23:08:32.226000+00:00,6599
2019-07-16 23:08:33.186500+00:00,6600
2019-07-16 23:08:33.497000+00:00,6601
2019-07-16 23:08:33.759000+00:00,6602
2019-07-16 23:08:34.126000+00:00,6603
2019-07-16 23:08:35.306500+00:00,6604
2019-07-16 23:08:35.328500+00:00,6605
2019-07-16 23:08:35.839000+00:00,6606
2019-07-16 23:08:36.212000+00:00,6607
2019-07-16 23:08:36.589000+00:00,6608
2019-07-16 23:08:36.903000+00:00,6609
2019-07-16 23:08:37.494000+00:00,6610
2019-07-16 23:08:37.782000+00:00,6611
2019-07-16 23:08:37.801000+00:00,6612
2019-07-16 23:08:38.517000+00:00,6613
2019-07-16 23:08:39.146000+00:00,6614
2019-07-16 23:08:39.166000+00:00,6615
2019-07-16 23:08:39.389000+00:00,6616
2019-07-16 23:08:39.779000+00:00,6617
2019-07-16 23:08:40.233500+00:00,6618
2019-07-16 23:08:41.293000+00:00,6619
2019-07-16 23:08:42.717500+00:00,6620
2019-07-16 23:08:42.737500+00:00,6621
2019-07-16 23:08:43.918000+00:00,6622
2019-07-16 23:08:44.240500+00:00,6623
2019-07-16 23:08:44.527000+00:00,6624
2019-07-16 23:08:44.811000+00:00,6625
2019-07-16 23:08:45.692500+00:00,6626
2019-07-16 23:08:45.846500+00:00,6627
2019-07-16 23:08:47.250000+00:00,6628
2019-07-16 23:08:47.269000+00:00,6629
2019-07-16 23:08:47.362000+00:00,6630
2019-07-16 23:08:48.023000+00:00,6631
2019-07-16 23:08:48.706500+00:00,6632
2019-07-16 23:08:49.426500+00:00,6633
2019-07-16 23:10:32.613000+00:00,6634
2019-07-16 23:10:32.939000+00:00,6635
2019-07-16 23:10:32.951000+00:00,6636
2019-07-16 23:10:35.388000+00:00,6637
2019-07-16 23:10:35.400000+00:00,6638
2019-07-16 23:12:05.715500+00:00,6639
2019-07-16 23:12:05.720500+00:00,6640
2019-07-16 23:12:06.107500+00:00,6641
2019-07-16 23:12:06.113500+00:00,6642
2019-07-16 23:12:06.573000+00:00,6643
2019-07-16 23:12:06.579000+00:00,6644
2019-07-16 23:12:09.501500+00:00,6645
2019-07-16 23:12:09.512500+00:00,6646
2019-07-16 23:12:10.072500+00:00,6647
2019-07-16 23:12:10.077500+00:00,6648
2019-07-16 23:12:11.070500+00:00,6649
2019-07-16 23:12:11.075500+00:00,6650
2019-07-16 23:12:11.504500+00:00,6651
2019-07-16 23:12:13.941500+00:00,6652
2019-07-16 23:12:16.453500+00:00,6653
2019-07-16 23:12:16.458500+00:00,6654
2019-07-16 23:12:16.767500+00:00,6655
2019-07-16 23:12:16.829500+00:00,6656
2019-07-16 23:12:17.070000+00:00,6657
2019-07-16 23:12:17.075000+00:00,6658
2019-07-16 23:12:17.441500+00:00,6659
2019-07-16 23:12:17.446500+00:00,6660
2019-07-16 23:12:18.029500+00:00,6661
2019-07-16 23:12:18.034500+00:00,6662
2019-07-16 23:12:18.697000+00:00,6663
2019-07-16 23:12:18.702000+00:00,6664
2019-07-16 23:12:31.417000+00:00,6665
2019-07-16 23:12:31.419000+00:00,6666
2019-07-16 23:12:31.839000+00:00,6667
2019-07-16 23:12:31.843000+00:00,6668
2019-07-16 23:12:32.782000+00:00,6669
2019-07-16 23:12:32.784000+00:00,6670
2019-07-16 23:12:32.965000+00:00,6671
2019-07-16 23:12:32.969000+00:00,6672
2019-07-16 23:12:33.040500+00:00,6673
2019-07-16 23:12:33.044500+00:00,6674
2019-07-16 23:12:34.960000+00:00,6675
2019-07-16 23:12:34.962000+00:00,6676
2019-07-16 23:12:35.596500+00:00,6677
2019-07-16 23:12:35.600500+00:00,6678
2019-07-16 23:12:35.865000+00:00,6679
2019-07-16 23:12:35.869000+00:00,6680
2019-07-16 23:12:36.513000+00:00,6681
2019-07-16 23:12:36.517000+00:00,6682
2019-07-16 23:12:36.857000+00:00,6683
2019-07-16 23:12:36.859000+00:00,6684
2019-07-16 23:12:37.019500+00:00,6685
2019-07-16 23:12:37.023500+00:00,6686
2019-07-16 23:12:38.667000+00:00,6687
2019-07-16 23:13:40.349500+00:00,6688
2019-07-16 23:13:40.352500+00:00,6689
2019-07-16 23:13:40.948500+00:00,6690
2019-07-16 23:13:41.500500+00:00,6691
2019-07-16 23:13:41.503500+00:00,6692
2019-07-16 23:13:41.880500+00:00,6693
2019-07-16 23:13:41.883500+00:00,6694
2019-07-16 23:13:42.317500+00:00,6695
2019-07-16 23:13:42.320500+00:00,6696
2019-07-16 23:13:42.714500+00:00,6697
2019-07-16 23:13:42.717500+00:00,6698
2019-07-16 23:14:16.656500+00:00,6699
2019-07-16 23:14:16.661500+00:00,6700
2019-07-16 23:14:17.074500+00:00,6701
2019-07-16 23:14:17.079500+00:00,6702
2019-07-16 23:14:29.079500+00:00,6703
2019-07-16 23:14:29.086500+00:00,6704
2019-07-16 23:14:29.331500+00:00,6705
2019-07-16 23:14:29.336500+00:00,6706
2019-07-16 23:14:29.745000+00:00,6707
2019-07-16 23:14:29.751000+00:00,6708
2019-07-16 23:14:30.098500+00:00,6709
2019-07-16 23:14:30.738500+00:00,6710
2019-07-16 23:14:30.743500+00:00,6711
2019-07-16 23:14:30.980500+00:00,6712
2019-07-16 23:14:30.985500+00:00,6713
2019-07-16 23:14:31.376500+00:00,6714
2019-07-16 23:14:31.383500+00:00,6715
2019-07-16 23:14:31.779500+00:00,6716
2019-07-16 23:14:31.784500+00:00,6717
2019-07-16 23:14:32.809500+00:00,6718
2019-07-16 23:14:32.814500+00:00,6719
2019-07-16 23:14:35.378000+00:00,6720
2019-07-16 23:15:18.539000+00:00,6721
2019-07-16 23:15:18.957500+00:00,6722
2019-07-16 23:15:19.818500+00:00,6723
2019-07-16 23:15:19.827500+00:00,6724
2019-07-16 23:15:20.167000+00:00,6725
2019-07-16 23:15:20.177000+00:00,6726
2019-07-16 23:15:20.586000+00:00,6727
2019-07-16 23:15:21.535500+00:00,6728
2019-07-16 23:15:21.545500+00:00,6729
2019-07-16 23:15:22.935000+00:00,6730
2019-07-16 23:15:22.945000+00:00,6731
2019-07-16 23:15:23.243000+00:00,6732
2019-07-16 23:15:35.683500+00:00,6733
2019-07-16 23:15:35.694500+00:00,6734
2019-07-16 23:16:30.258500+00:00,6735
2019-07-16 23:16:31.240500+00:00,6736
2019-07-16 23:16:31.606000+00:00,6737
2019-07-16 23:16:31.835500+00:00,6738
2019-07-16 23:16:31.850500+00:00,6739
2019-07-16 23:16:43.235000+00:00,6740
2019-07-16 23:17:33.208000+00:00,6741
2019-07-16 23:17:33.524000+00:00,6742
2019-07-16 23:17:35.968000+00:00,6743
2019-07-16 23:17:36.836000+00:00,6744
2019-07-16 23:17:37.187000+00:00,6745
2019-07-16 23:17:37.207000+00:00,6746
2019-07-16 23:17:37.535000+00:00,6747
2019-07-16 23:17:37.916000+00:00,6748
2019-07-16 23:17:38.564000+00:00,6749
2019-07-16 23:17:39.165000+00:00,6750
2019-07-16 23:17:39.185000+00:00,6751
2019-07-16 23:17:39.490000+00:00,6752
2019-07-16 23:17:39.511000+00:00,6753
2019-07-16 23:17:40.582500+00:00,6754
2019-07-16 23:17:40.853000+00:00,6755
2019-07-16 23:17:40.873000+00:00,6756
2019-07-16 23:17:40.923499+00:00,6757
2019-07-16 23:17:40.942000+00:00,6758
2019-07-16 23:17:41.277000+00:00,6759
2019-07-16 23:17:42.571000+00:00,6760
2019-07-16 23:17:43.087000+00:00,6761
2019-07-16 23:17:43.845000+00:00,6762
2019-07-16 23:17:43.861500+00:00,6763
2019-07-16 23:17:44.324500+00:00,6764
2019-07-16 23:17:44.345500+00:00,6765
2019-07-16 23:17:44.687500+00:00,6766
2019-07-16 23:17:44.839500+00:00,6767
2019-07-16 23:17:44.859500+00:00,6768
2019-07-16 23:17:45.271000+00:00,6769
2019-07-16 23:17:45.291500+00:00,6770
2019-07-16 23:17:45.713000+00:00,6771
2019-07-16 23:17:46.445500+00:00,6772
2019-07-16 23:17:46.466500+00:00,6773
2019-07-16 23:17:46.828500+00:00,6774
2019-07-16 23:17:46.849500+00:00,6775
2019-07-16 23:17:47.274500+00:00,6776
2019-07-16 23:17:47.295500+00:00,6777
2019-07-16 23:17:47.391500+00:00,6778
2019-07-16 23:17:47.668500+00:00,6779
2019-07-16 23:17:47.691500+00:00,6780
2019-07-16 23:17:48.263500+00:00,6781
2019-07-16 23:17:48.507500+00:00,6782
2019-07-16 23:17:49.066500+00:00,6783
2019-07-16 23:17:49.384500+00:00,6784
2019-07-16 23:17:49.673500+00:00,6785
2019-07-16 23:17:49.848500+00:00,6786
2019-07-16 23:18:14.741000+00:00,6787
2019-07-16 23:18:15.453500+00:00,6788
2019-07-16 23:18:15.674000+00:00,6789
2019-07-16 23:18:17.693500+00:00,6790
2019-07-16 23:18:18.052500+00:00,6791
2019-07-16 23:18:30.151000+00:00,6792
2019-07-16 23:18:30.441000+00:00,6793
2019-07-16 23:18:30.865000+00:00,6794
2019-07-16 23:18:31.176000+00:00,6795
2019-07-16 23:18:31.200000+00:00,6796
2019-07-16 23:18:31.615000+00:00,6797
2019-07-16 23:18:32.023500+00:00,6798
2019-07-16 23:18:32.425000+00:00,6799
2019-07-16 23:18:32.630000+00:00,6800
2019-07-16 23:18:32.654000+00:00,6801
2019-07-16 23:18:33.542000+00:00,6802
2019-07-16 23:18:35.044000+00:00,6803
2019-07-16 23:19:09.725000+00:00,6804
2019-07-16 23:19:10.130500+00:00,6805
2019-07-16 23:20:06.676500+00:00,6806
2019-07-16 23:20:07.761000+00:00,6807
2019-07-16 23:21:15.978500+00:00,6808
2019-07-16 23:21:16.370500+00:00,6809
2019-07-16 23:21:16.613000+00:00,6810
2019-07-16 23:21:36.008000+00:00,6811
2019-07-16 23:21:36.660500+00:00,6812
2019-07-16 23:21:37.201500+00:00,6813
2019-07-16 23:21:37.287500+00:00,6814
2019-07-16 23:21:38.230500+00:00,6815
2019-07-16 23:21:38.266500+00:00,6816
2019-07-16 23:21:38.314500+00:00,6817
2019-07-16 23:21:38.564500+00:00,6818
2019-07-16 23:21:39.033500+00:00,6819
2019-07-16 23:21:39.281500+00:00,6820
2019-07-16 23:21:39.894500+00:00,6821
2019-07-16 23:25:12.983500+00:00,6822
2019-07-16 23:25:13.320500+00:00,6823
2019-07-16 23:25:13.632500+00:00,6824
2019-07-16 23:25:13.709500+00:00,6825
2019-07-16 23:25:13.971500+00:00,6826
2019-07-16 23:25:14.631000+00:00,6827
2019-07-16 23:25:14.756000+00:00,6828
2019-07-16 23:25:40.301000+00:00,6829
2019-07-16 23:25:40.322999+00:00,6830
2019-07-16 23:25:40.587000+00:00,6831
2019-07-16 23:25:40.844500+00:00,6832
2019-07-16 23:25:40.925500+00:00,6833
2019-07-16 23:25:41.669000+00:00,6834
2019-07-16 23:25:42.990500+00:00,6835
2019-07-16 23:26:03.743000+00:00,6836
2019-07-16 23:26:04.135500+00:00,6837
2019-07-16 23:26:05.509500+00:00,6838
2019-07-16 23:26:05.825000+00:00,6839
2019-07-16 23:26:06.928000+00:00,6840
2019-07-16 23:26:07.301500+00:00,6841
2019-07-16 23:26:07.947000+00:00,6842
2019-07-16 23:26:08.476500+00:00,6843
2019-07-16 23:26:08.502499+00:00,6844
2019-07-16 23:26:08.844000+00:00,6845
2019-07-16 23:26:09.042500+00:00,6846
2019-07-16 23:26:09.331000+00:00,6847
2019-07-16 23:26:09.557500+00:00,6848
2019-07-16 23:26:10.238000+00:00,6849
2019-07-16 23:26:12.658500+00:00,6850
2019-07-16 23:26:12.940500+00:00,6851
2019-07-16 23:26:13.476500+00:00,6852
2019-07-16 23:26:13.565500+00:00,6853
2019-07-16 23:31:14.919000+00:00,6854
2019-07-16 23:31:17.836500+00:00,6855
2019-07-16 23:31:18.772500+00:00,6856
2019-07-16 23:31:18.775499+00:00,6857
2019-07-16 23:31:19.166500+00:00,6858
2019-07-16 23:31:19.171499+00:00,6859
2019-07-16 23:31:20.868499+00:00,6860
2019-07-16 23:31:21.530000+00:00,6861
2019-07-16 23:31:22.131499+00:00,6862
2019-07-16 23:31:22.137500+00:00,6863
2019-07-16 23:31:22.482500+00:00,6864
2019-07-16 23:31:22.484499+00:00,6865
2019-07-16 23:31:23.430499+00:00,6866
2019-07-16 23:31:23.431500+00:00,6867
2019-07-16 23:31:38.300000+00:00,6868
2019-07-16 23:31:38.924000+00:00,6869
2019-07-16 23:31:38.924999+00:00,6870
2019-07-16 23:31:43.378499+00:00,6871
2019-07-16 23:31:43.381500+00:00,6872
2019-07-16 23:32:16.610499+00:00,6873
2019-07-16 23:32:16.615500+00:00,6874
2019-07-16 23:32:21.744499+00:00,6875
2019-07-16 23:32:21.746500+00:00,6876
2019-07-16 23:35:08.084999+00:00,6877
2019-07-16 23:35:08.798499+00:00,6878
2019-07-16 23:35:09.712499+00:00,6879
2019-07-16 23:35:09.725500+00:00,6880
2019-07-16 23:35:10.160499+00:00,6881
2019-07-16 23:35:10.893500+00:00,6882
2019-07-16 23:35:10.893500+00:00,6883
2019-07-16 23:35:10.895500+00:00,6884
2019-07-16 23:35:11.114999+00:00,6885
2019-07-16 23:35:11.115000+00:00,6886
2019-07-16 23:35:11.115000+00:00,6887
2019-07-16 23:35:11.115000+00:00,6888
2019-07-16 23:35:13.185499+00:00,6889
2019-07-16 23:35:13.476999+00:00,6890
2019-07-16 23:36:43.044499+00:00,6891
2019-07-16 23:36:43.787499+00:00,6892
2019-07-16 23:36:47.475999+00:00,6893
2019-07-16 23:37:13.690999+00:00,6894
2019-07-16 23:39:21.160499+00:00,6895
2019-07-16 23:39:21.767499+00:00,6896
2019-07-16 23:39:21.794500+00:00,6897
2019-07-16 23:39:29.668499+00:00,6898
2019-07-16 23:39:29.701500+00:00,6899
2019-07-16 23:39:31.230499+00:00,6900
2019-07-16 23:39:31.816499+00:00,6901
2019-07-16 23:39:32.121499+00:00,6902
2019-07-16 23:39:32.911499+00:00,6903
2019-07-16 23:39:33.232499+00:00,6904
2019-07-16 23:39:33.515999+00:00,6905
2019-07-16 23:39:34.256999+00:00,6906
2019-07-16 23:39:34.299000+00:00,6907
2019-07-16 23:39:34.818999+00:00,6908
2019-07-16 23:39:34.855000+00:00,6909
2019-07-16 23:39:35.663000+00:00,6910
2019-07-16 23:39:35.977499+00:00,6911
2019-07-16 23:39:36.339999+00:00,6912
2019-07-16 23:39:36.763000+00:00,6913
2019-07-16 23:39:37.373999+00:00,6914
2019-07-16 23:39:37.410500+00:00,6915
2019-07-16 23:39:37.545499+00:00,6916
2019-07-16 23:39:38.111499+00:00,6917
2019-07-16 23:39:38.413999+00:00,6918
2019-07-16 23:39:39.057999+00:00,6919
2019-07-16 23:39:39.446999+00:00,6920
2019-07-16 23:39:40.011999+00:00,6921
2019-07-16 23:39:40.661500+00:00,6922
2019-07-16 23:39:40.972999+00:00,6923
2019-07-16 23:39:41.973499+00:00,6924
2019-07-16 23:39:42.302999+00:00,6925
2019-07-16 23:39:42.870499+00:00,6926
2019-07-16 23:39:43.508499+00:00,6927
2019-07-16 23:39:43.545500+00:00,6928
2019-07-16 23:39:43.892499+00:00,6929
2019-07-16 23:39:43.929500+00:00,6930
2019-07-16 23:39:44.323499+00:00,6931
2019-07-16 23:39:44.452499+00:00,6932
2019-07-16 23:39:44.860500+00:00,6933
2019-07-16 23:39:45.322999+00:00,6934
2019-07-16 23:39:46.398999+00:00,6935
2019-07-16 23:39:47.010499+00:00,6936
2019-07-16 23:39:47.513499+00:00,6937
2019-07-16 23:39:54.242999+00:00,6938
2019-07-16 23:39:54.931498+00:00,6939
2019-07-16 23:40:28.039999+00:00,6940
2019-07-16 23:40:29.939999+00:00,6941
2019-07-16 23:41:03.052999+00:00,6942
2019-07-16 23:41:03.092000+00:00,6943
2019-07-16 23:41:05.725999+00:00,6944
2019-07-16 23:41:05.777000+00:00,6945
2019-07-16 23:41:05.810999+00:00,6946
2019-07-16 23:41:06.720999+00:00,6947
2019-07-16 23:41:06.872999+00:00,6948
2019-07-16 23:41:07.157499+00:00,6949
2019-07-16 23:41:07.387500+00:00,6950
2019-07-16 23:41:07.427999+00:00,6951
2019-07-16 23:41:08.250000+00:00,6952
2019-07-16 23:41:17.094999+00:00,6953
2019-07-16 23:41:17.137000+00:00,6954
2019-07-16 23:41:18.594999+00:00,6955
2019-07-16 23:41:18.636000+00:00,6956
2019-07-16 23:41:19.567500+00:00,6957
2019-07-16 23:41:20.262999+00:00,6958
2019-07-16 23:41:20.305000+00:00,6959
2019-07-16 23:50:07.975999+00:00,6960
2019-07-16 23:50:07.976000+00:00,6961
2019-07-16 23:50:07.976000+00:00,6962
2019-07-16 23:50:07.976000+00:00,6963
2019-07-30 22:39:27.465999+00:00,6964
2019-07-30 22:39:27.608999+00:00,6965
2019-07-30 22:39:27.750999+00:00,6966
2019-07-30 22:39:28.776999+00:00,6967
2019-07-30 22:39:29.583999+00:00,6968
2019-07-30 22:40:01.069999+00:00,6969
2019-07-30 22:40:05.588998+00:00,6970
2019-07-30 22:40:05.681999+00:00,6971
2019-07-30 22:40:16.018999+00:00,6972
2019-07-30 22:40:51.716999+00:00,6973
2019-07-30 22:40:54.136999+00:00,6974
2019-07-30 22:41:52.138998+00:00,6975
2019-07-30 22:42:21.793999+00:00,6976
2019-07-30 22:42:22.155999+00:00,6977
2019-07-30 22:43:01.921998+00:00,6978
2019-07-30 22:43:02.001999+00:00,6979
2019-07-30 22:43:02.119999+00:00,6980
2019-07-30 22:43:02.545999+00:00,6981
2019-07-30 22:43:02.676499+00:00,6982
2019-07-30 22:43:31.080999+00:00,6983
2019-07-30 22:43:31.159999+00:00,6984
2019-07-30 22:43:31.243999+00:00,6985
2019-07-30 22:43:36.768498+00:00,6986
2019-07-30 22:43:36.917999+00:00,6987
2019-07-30 22:43:58.310499+00:00,6988
2019-07-30 22:43:58.393499+00:00,6989
2019-07-30 22:43:59.740499+00:00,6990
2019-07-30 22:44:11.202999+00:00,6991
2019-07-30 22:44:11.280999+00:00,6992
2019-07-30 22:44:11.382999+00:00,6993
2019-07-30 22:44:11.455999+00:00,6994
2019-07-30 22:44:12.748499+00:00,6995
2019-07-30 22:44:12.859499+00:00,6996
2019-07-30 22:44:12.951499+00:00,6997
2019-07-30 22:44:16.491999+00:00,6998
2019-07-30 22:44:16.566999+00:00,6999
2019-07-30 22:44:17.224999+00:00,7000
2019-07-30 22:44:17.311999+00:00,7001
2019-07-30 22:44:17.768998+00:00,7002
2019-07-30 22:44:17.975499+00:00,7003
2019-07-30 22:44:22.311499+00:00,7004
2019-07-30 22:44:22.603499+00:00,7005
2019-07-30 22:44:23.457499+00:00,7006
2019-07-30 22:44:34.688999+00:00,7007
2019-07-30 22:44:35.048999+00:00,7008
2019-07-30 22:44:35.404999+00:00,7009
2019-07-30 22:44:35.483999+00:00,7010
2019-07-30 22:44:35.561499+00:00,7011
2019-07-30 22:44:35.703999+00:00,7012
2019-07-30 22:44:35.851999+00:00,7013
2019-07-30 22:44:35.937999+00:00,7014
2019-07-30 22:44:36.014499+00:00,7015
2019-07-30 22:44:37.008999+00:00,7016
2019-07-30 22:44:37.087999+00:00,7017
2019-07-30 22:44:37.427999+00:00,7018
2019-07-30 22:44:37.527999+00:00,7019
2019-07-30 22:44:37.863999+00:00,7020
2019-07-30 22:44:41.387499+00:00,7021
2019-07-30 22:44:41.470499+00:00,7022
2019-07-30 22:44:45.790499+00:00,7023
2019-07-30 22:44:45.935499+00:00,7024
2019-07-30 22:44:46.141999+00:00,7025
2019-07-30 22:44:46.389999+00:00,7026
2019-07-30 22:44:46.467999+00:00,7027
2019-07-30 22:44:56.136999+00:00,7028
2019-07-30 22:44:56.621999+00:00,7029
2019-07-30 22:44:57.289498+00:00,7030
2019-07-30 22:45:01.049999+00:00,7031
2019-07-30 22:45:04.186999+00:00,7032
2019-07-30 22:45:08.413999+00:00,7033
2019-07-30 22:45:09.312999+00:00,7034
2019-07-30 22:45:09.495499+00:00,7035
2019-07-30 22:45:09.776999+00:00,7036
2019-07-30 22:45:10.156999+00:00,7037
2019-07-30 22:45:10.239999+00:00,7038
2019-07-30 22:45:10.335999+00:00,7039
2019-07-30 22:45:10.419999+00:00,7040
2019-07-30 22:45:13.525498+00:00,7041
2019-07-30 22:45:13.764499+00:00,7042
2019-07-30 22:45:29.161999+00:00,7043
2019-07-30 22:45:29.307499+00:00,7044
2019-07-30 22:45:29.498499+00:00,7045
2019-07-30 22:45:29.591499+00:00,7046
2019-07-30 22:45:29.718499+00:00,7047
2019-07-30 22:45:30.523500+00:00,7048
2019-07-30 22:45:30.606499+00:00,7049
2019-07-30 22:45:30.745499+00:00,7050
2019-07-30 22:45:30.917499+00:00,7051
2019-07-30 22:45:37.890999+00:00,7052
2019-07-30 22:45:38.327499+00:00,7053
2019-07-30 22:45:38.422499+00:00,7054
2019-07-30 22:45:38.548999+00:00,7055
2019-07-30 22:45:39.350499+00:00,7056
2019-07-30 22:45:40.736999+00:00,7057
2019-07-30 22:45:52.899999+00:00,7058
2019-07-30 22:45:53.177499+00:00,7059
2019-07-30 22:46:06.744499+00:00,7060
2019-07-30 22:46:08.766999+00:00,7061
2019-07-30 22:46:11.729499+00:00,7062
2019-07-30 22:46:11.948499+00:00,7063
2019-07-30 22:46:12.736499+00:00,7064
2019-07-30 22:46:13.551499+00:00,7065
2019-07-30 22:46:18.487999+00:00,7066
2019-07-30 22:46:18.682499+00:00,7067
2019-07-30 22:46:20.622498+00:00,7068
2019-07-30 22:46:21.225999+00:00,7069
2019-07-30 22:46:21.859499+00:00,7070
2019-07-30 22:46:21.941499+00:00,7071
2019-07-30 22:46:22.108999+00:00,7072
2019-07-30 22:46:22.578499+00:00,7073
2019-07-30 22:46:27.437999+00:00,7074
2019-07-30 22:46:27.661999+00:00,7075
2019-07-30 22:46:27.737999+00:00,7076
2019-07-30 22:46:27.815999+00:00,7077
2019-07-30 22:46:28.050999+00:00,7078
2019-07-30 22:46:28.164998+00:00,7079
2019-07-30 22:46:28.486499+00:00,7080
2019-07-30 22:46:46.967499+00:00,7081
2019-07-30 22:46:47.048499+00:00,7082
2019-07-30 22:46:47.130499+00:00,7083
2019-07-30 22:46:47.208499+00:00,7084
2019-07-30 22:46:47.318499+00:00,7085
2019-07-30 22:46:47.391999+00:00,7086
2019-07-30 22:46:47.475999+00:00,7087
2019-07-30 22:46:47.549999+00:00,7088
2019-07-30 22:46:47.638999+00:00,7089
2019-07-30 22:46:47.719999+00:00,7090
2019-07-30 22:46:47.827999+00:00,7091
2019-07-30 22:46:47.971499+00:00,7092
2019-07-30 22:46:48.596499+00:00,7093
2019-07-30 22:46:48.919999+00:00,7094
2019-07-30 22:47:04.962499+00:00,7095
2019-07-30 22:47:05.036999+00:00,7096
2019-07-30 22:47:05.163499+00:00,7097
2019-07-30 22:47:07.447999+00:00,7098
2019-07-30 22:47:07.533999+00:00,7099
2019-07-30 22:47:12.294499+00:00,7100
2019-07-30 22:47:12.389499+00:00,7101
2019-07-30 22:47:28.664999+00:00,7102
2019-07-30 22:47:28.939999+00:00,7103
2019-07-30 22:47:29.060999+00:00,7104
2019-07-30 22:47:29.145499+00:00,7105
2019-07-30 22:47:29.235499+00:00,7106
2019-07-30 22:47:29.317999+00:00,7107
2019-07-30 22:47:29.527499+00:00,7108
2019-07-30 22:47:29.592999+00:00,7109
2019-07-30 22:47:29.689499+00:00,7110
2019-07-30 22:47:29.923499+00:00,7111
2019-07-30 22:47:30.015499+00:00,7112
2019-07-30 22:47:30.645499+00:00,7113
2019-07-30 22:47:30.730499+00:00,7114
2019-07-30 22:47:30.816499+00:00,7115
2019-07-30 22:47:30.966499+00:00,7116
2019-07-30 22:47:31.233499+00:00,7117
2019-07-30 22:47:31.507499+00:00,7118
2019-07-30 22:47:31.705999+00:00,7119
2019-07-30 22:47:31.916499+00:00,7120
2019-07-30 22:47:33.419999+00:00,7121
2019-07-30 22:47:33.506999+00:00,7122
2019-07-30 22:47:33.626000+00:00,7123
2019-07-30 22:47:33.725999+00:00,7124
2019-07-30 22:47:33.916999+00:00,7125
2019-07-30 22:47:34.072499+00:00,7126
2019-07-30 22:47:34.138499+00:00,7127
2019-07-30 22:47:34.223999+00:00,7128
2019-07-30 22:47:34.305999+00:00,7129
2019-07-30 22:47:34.386499+00:00,7130
2019-07-30 22:47:34.514999+00:00,7131
2019-07-30 22:47:39.733999+00:00,7132
2019-07-30 22:47:39.939499+00:00,7133
2019-07-30 22:47:40.031999+00:00,7134
2019-07-30 22:47:40.167999+00:00,7135
2019-07-30 22:47:40.259999+00:00,7136
2019-07-30 22:47:44.576999+00:00,7137
2019-07-30 22:47:44.699999+00:00,7138
2019-07-30 22:47:44.806499+00:00,7139
2019-07-30 22:47:47.295499+00:00,7140
2019-07-30 22:47:47.647499+00:00,7141
2019-07-30 22:47:53.336499+00:00,7142
2019-07-30 22:47:53.440499+00:00,7143
2019-07-30 22:47:53.552499+00:00,7144
2019-07-30 22:48:36.782999+00:00,7145
2019-07-30 22:48:37.037999+00:00,7146
2019-07-30 22:48:41.616999+00:00,7147
2019-07-30 22:48:41.694999+00:00,7148
2019-07-30 22:48:41.901499+00:00,7149
2019-07-30 22:48:41.980499+00:00,7150
2019-07-30 22:48:42.129499+00:00,7151
2019-07-30 22:48:42.231499+00:00,7152
2019-07-30 22:48:42.501499+00:00,7153
2019-07-30 22:48:46.100499+00:00,7154
2019-07-30 22:48:46.217499+00:00,7155
2019-07-30 22:48:46.423999+00:00,7156
2019-07-30 22:48:49.658498+00:00,7157
2019-07-30 22:48:49.734999+00:00,7158
2019-07-30 22:48:49.809999+00:00,7159
2019-07-30 22:48:49.908499+00:00,7160
2019-07-30 22:48:50.016999+00:00,7161
2019-07-30 22:48:53.278499+00:00,7162
2019-07-30 22:48:53.356499+00:00,7163
2019-07-30 22:48:53.438999+00:00,7164
2019-07-30 22:49:21.107499+00:00,7165
2019-07-30 22:49:21.220999+00:00,7166
2019-07-30 22:49:21.298499+00:00,7167
2019-07-30 22:49:34.029499+00:00,7168
2019-07-30 22:49:34.104499+00:00,7169
2019-07-30 22:49:45.302999+00:00,7170
2019-07-30 22:49:51.692499+00:00,7171
2019-07-30 22:49:51.777499+00:00,7172
2019-07-30 22:50:00.475999+00:00,7173
2019-07-30 22:50:00.555999+00:00,7174
2019-07-30 22:50:22.736499+00:00,7175
2019-07-30 22:50:22.893499+00:00,7176
2019-07-30 22:50:22.996999+00:00,7177
2019-07-30 22:50:26.084999+00:00,7178
2019-07-30 22:50:26.389999+00:00,7179
2019-07-30 22:50:27.546999+00:00,7180
2019-07-30 22:50:27.625999+00:00,7181
2019-07-30 22:50:27.806499+00:00,7182
2019-07-30 22:50:37.717499+00:00,7183
2019-07-30 22:50:37.822499+00:00,7184
2019-07-30 22:50:38.476999+00:00,7185
2019-07-30 22:50:38.555999+00:00,7186
2019-07-30 22:50:38.635499+00:00,7187
2019-07-30 22:50:40.003499+00:00,7188
2019-07-30 22:50:41.146499+00:00,7189
2019-07-30 22:50:41.277499+00:00,7190
2019-07-30 22:50:41.364999+00:00,7191
2019-07-30 22:50:53.063000+00:00,7192
2019-07-30 22:50:53.137999+00:00,7193
2019-07-30 22:50:57.860999+00:00,7194
2019-07-30 22:50:57.937999+00:00,7195
2019-07-30 22:50:58.548498+00:00,7196
2019-07-30 22:50:58.696499+00:00,7197
2019-07-30 22:51:05.221499+00:00,7198
2019-07-30 22:51:05.312999+00:00,7199
2019-07-30 22:51:05.405999+00:00,7200
2019-07-30 22:51:05.526499+00:00,7201
2019-07-30 22:51:05.654499+00:00,7202
2019-07-30 22:51:05.792499+00:00,7203
2019-07-30 22:51:05.877499+00:00,7204
2019-07-30 22:51:05.967999+00:00,7205
2019-07-30 22:51:21.894499+00:00,7206
2019-07-30 22:51:22.302499+00:00,7207
2019-07-30 22:51:22.905499+00:00,7208
2019-07-30 22:51:33.880999+00:00,7209
2019-07-30 22:51:34.059499+00:00,7210
2019-07-30 22:51:36.232999+00:00,7211
2019-07-30 22:51:36.328999+00:00,7212
2019-07-30 22:51:36.411499+00:00,7213
2019-07-30 22:51:36.860999+00:00,7214
2019-07-30 22:51:40.667999+00:00,7215
2019-07-30 22:51:42.488999+00:00,7216
2019-07-30 22:51:42.669499+00:00,7217
2019-07-30 22:51:43.133999+00:00,7218
2019-07-30 22:51:43.352999+00:00,7219
2019-07-30 22:51:52.337999+00:00,7220
2019-07-30 22:51:53.068499+00:00,7221
2019-07-30 22:51:57.773499+00:00,7222
2019-07-30 22:51:57.984999+00:00,7223
2019-07-30 22:51:58.401999+00:00,7224
2019-07-30 22:51:59.191999+00:00,7225
2019-07-30 22:52:05.458999+00:00,7226
2019-07-30 22:52:05.550999+00:00,7227
2019-07-30 22:52:05.647999+00:00,7228
2019-07-30 22:52:05.884499+00:00,7229
2019-07-30 22:52:06.164499+00:00,7230
2019-07-30 22:52:06.264500+00:00,7231
2019-07-30 22:52:06.516999+00:00,7232
2019-07-30 22:52:22.296499+00:00,7233
2019-07-30 22:52:22.734499+00:00,7234
2019-07-30 22:52:44.293499+00:00,7235
2019-07-30 22:52:44.375498+00:00,7236
2019-07-30 22:52:45.339999+00:00,7237
2019-07-30 22:52:45.422999+00:00,7238
2019-07-30 22:52:47.736499+00:00,7239
2019-07-30 22:52:48.024499+00:00,7240
2019-07-30 22:52:49.300999+00:00,7241
2019-07-30 22:52:49.762499+00:00,7242
2019-07-30 22:52:49.847499+00:00,7243
2019-07-30 22:52:50.251999+00:00,7244
2019-07-30 22:52:50.355999+00:00,7245
2019-07-30 22:52:50.530499+00:00,7246
2019-07-30 22:52:51.337999+00:00,7247
2019-07-30 22:52:51.460999+00:00,7248
2019-07-30 22:52:54.625499+00:00,7249
2019-07-30 22:52:54.732499+00:00,7250
2019-07-30 22:52:54.854499+00:00,7251
2019-07-30 22:53:08.974499+00:00,7252
2019-07-30 22:53:09.064499+00:00,7253
2019-07-30 22:53:09.310499+00:00,7254
2019-07-30 22:53:09.486499+00:00,7255
2019-07-30 22:53:09.916500+00:00,7256
2019-07-30 22:53:11.204499+00:00,7257
2019-07-30 22:53:18.976499+00:00,7258
2019-07-30 22:53:19.331499+00:00,7259
2019-07-30 22:53:20.131999+00:00,7260
2019-07-30 22:53:26.380499+00:00,7261
2019-07-30 22:53:26.528499+00:00,7262
2019-07-30 22:53:26.628499+00:00,7263
2019-07-30 22:53:26.711499+00:00,7264
2019-07-30 22:53:26.818999+00:00,7265
2019-07-30 22:53:27.003499+00:00,7266
2019-07-30 22:53:27.279499+00:00,7267
2019-07-30 22:53:27.363499+00:00,7268
2019-07-30 22:53:28.425500+00:00,7269
2019-07-30 22:53:28.509499+00:00,7270
2019-07-30 22:53:32.788999+00:00,7271
2019-07-30 22:53:32.887999+00:00,7272
2019-07-30 22:53:33.187000+00:00,7273
2019-07-30 22:53:33.440999+00:00,7274
2019-07-30 22:53:36.556499+00:00,7275
2019-07-30 22:53:40.995998+00:00,7276
2019-07-30 22:53:41.672499+00:00,7277
2019-07-30 22:53:41.793499+00:00,7278
2019-07-30 22:53:44.283499+00:00,7279
2019-07-30 22:53:44.581499+00:00,7280
2019-07-30 22:53:44.667499+00:00,7281
2019-07-30 22:53:44.758500+00:00,7282
2019-07-30 22:53:44.873500+00:00,7283
2019-07-30 22:53:44.953499+00:00,7284
2019-07-30 22:53:45.650499+00:00,7285
2019-07-30 22:53:45.771499+00:00,7286
2019-07-30 22:53:46.553499+00:00,7287
2019-07-30 22:53:46.674499+00:00,7288
2019-07-30 22:53:47.075499+00:00,7289
2019-07-30 22:53:47.745999+00:00,7290
2019-07-30 22:53:47.829999+00:00,7291
2019-07-30 22:53:47.935499+00:00,7292
2019-07-30 22:53:48.056999+00:00,7293
2019-07-30 22:53:48.206999+00:00,7294
2019-07-30 22:53:48.326499+00:00,7295
2019-07-30 22:53:50.816999+00:00,7296
2019-07-30 22:53:50.916999+00:00,7297
2019-07-30 22:53:51.069499+00:00,7298
2019-07-30 22:53:51.201499+00:00,7299
2019-07-30 22:53:51.316499+00:00,7300
2019-07-30 22:53:51.548499+00:00,7301
2019-07-30 22:53:51.803499+00:00,7302
2019-07-30 22:53:52.501499+00:00,7303
2019-07-30 22:54:01.255999+00:00,7304
2019-07-30 22:54:01.373499+00:00,7305
2019-07-30 22:54:01.604999+00:00,7306
2019-07-30 22:54:01.724999+00:00,7307
2019-07-30 22:54:02.786999+00:00,7308
2019-07-30 22:54:02.907999+00:00,7309
2019-07-30 22:54:03.041499+00:00,7310
2019-07-30 22:54:31.983499+00:00,7311
2019-07-30 22:54:32.073999+00:00,7312
2019-07-30 22:54:32.231999+00:00,7313
2019-07-30 22:54:33.377499+00:00,7314
2019-07-30 22:54:33.453499+00:00,7315
2019-07-30 22:54:34.200500+00:00,7316
2019-07-30 22:54:34.284499+00:00,7317
2019-07-30 22:54:34.466999+00:00,7318
2019-07-30 22:54:35.269499+00:00,7319
2019-07-30 22:54:35.353499+00:00,7320
2019-07-30 22:54:35.553499+00:00,7321
2019-07-30 22:54:40.211999+00:00,7322
2019-07-30 22:54:40.327999+00:00,7323
2019-07-30 22:54:41.826499+00:00,7324
2019-07-30 22:54:41.918499+00:00,7325
2019-07-30 22:54:52.764499+00:00,7326
2019-07-30 22:55:06.159499+00:00,7327
2019-07-30 22:55:06.241999+00:00,7328
2019-07-30 22:55:23.933499+00:00,7329
2019-07-30 22:55:52.370999+00:00,7330
2019-07-30 22:55:52.462999+00:00,7331
2019-07-30 22:55:59.098499+00:00,7332
2019-07-30 22:55:59.228499+00:00,7333
2019-07-30 22:55:59.344500+00:00,7334
2019-07-30 22:55:59.508499+00:00,7335
2019-07-30 22:55:59.785499+00:00,7336
2019-07-30 22:56:03.830999+00:00,7337
2019-07-30 22:56:03.916998+00:00,7338
2019-07-30 22:56:04.231499+00:00,7339
2019-07-30 22:56:04.326499+00:00,7340
2019-07-30 22:56:05.784499+00:00,7341
2019-07-30 22:56:05.906500+00:00,7342
2019-07-30 22:56:05.987999+00:00,7343
2019-07-30 22:56:34.044999+00:00,7344
2019-07-30 22:56:36.175000+00:00,7345
2019-07-30 22:56:36.535999+00:00,7346
2019-07-30 22:56:36.823999+00:00,7347
2019-07-30 22:56:37.585499+00:00,7348
2019-07-30 22:56:38.035500+00:00,7349
2019-07-30 22:56:38.179499+00:00,7350
2019-07-30 22:56:38.415499+00:00,7351
2019-07-30 22:56:38.501500+00:00,7352
2019-07-30 22:56:51.995999+00:00,7353
2019-07-30 22:56:57.321499+00:00,7354
2019-07-30 22:56:57.452499+00:00,7355
2019-07-30 22:56:57.620499+00:00,7356
2019-07-30 22:56:57.701499+00:00,7357
2019-07-30 22:57:00.246499+00:00,7358
2019-07-30 22:57:00.725499+00:00,7359
2019-07-30 22:57:00.807499+00:00,7360
2019-07-30 22:57:01.090999+00:00,7361
2019-07-30 22:57:01.187999+00:00,7362
2019-07-30 22:57:01.622999+00:00,7363
2019-07-30 22:57:01.898499+00:00,7364
2019-07-30 22:57:02.045500+00:00,7365
2019-07-30 22:57:02.118499+00:00,7366
2019-07-30 22:57:16.216999+00:00,7367
2019-07-30 22:57:16.307999+00:00,7368
2019-07-30 22:57:17.905999+00:00,7369
2019-07-30 22:57:17.986999+00:00,7370
2019-07-30 22:57:18.063999+00:00,7371
2019-07-30 22:57:24.641999+00:00,7372
2019-07-30 22:57:24.717999+00:00,7373
2019-07-30 22:57:24.889999+00:00,7374
2019-07-30 22:57:25.016499+00:00,7375
2019-07-30 22:57:30.079999+00:00,7376
2019-07-30 22:57:30.156999+00:00,7377
2019-07-30 22:57:30.363499+00:00,7378
2019-07-30 22:57:30.707999+00:00,7379
2019-07-30 22:57:36.813499+00:00,7380
2019-07-30 22:57:36.969499+00:00,7381
2019-07-30 22:57:37.199499+00:00,7382
2019-07-30 22:57:37.598499+00:00,7383
2019-07-30 22:57:43.904500+00:00,7384
2019-07-30 22:57:48.810999+00:00,7385
2019-07-30 22:57:49.189999+00:00,7386
2019-07-30 22:57:49.782999+00:00,7387
2019-07-30 22:57:51.087499+00:00,7388
2019-07-30 22:57:51.761499+00:00,7389
2019-07-30 22:57:52.039499+00:00,7390
2019-07-30 22:57:52.164499+00:00,7391
2019-07-30 22:57:52.243499+00:00,7392
2019-07-30 22:57:55.862000+00:00,7393
2019-07-30 22:57:56.085999+00:00,7394
2019-07-30 22:58:02.441000+00:00,7395
2019-07-30 22:58:02.779499+00:00,7396
2019-07-30 22:58:03.323499+00:00,7397
2019-07-30 22:58:12.718999+00:00,7398
2019-07-30 22:58:20.655499+00:00,7399
2019-07-30 22:59:01.092500+00:00,7400
2019-07-30 22:59:01.337999+00:00,7401
2019-07-30 22:59:01.424999+00:00,7402
2019-07-30 22:59:06.653499+00:00,7403
2019-07-30 22:59:06.732499+00:00,7404
2019-07-30 22:59:10.523999+00:00,7405
2019-07-30 22:59:10.641999+00:00,7406
2019-07-30 22:59:14.852499+00:00,7407
2019-07-30 22:59:15.152999+00:00,7408
2019-07-30 22:59:15.235499+00:00,7409
2019-07-30 22:59:17.680499+00:00,7410
2019-07-30 22:59:17.766499+00:00,7411
2019-07-30 22:59:17.926999+00:00,7412
2019-07-30 22:59:27.408999+00:00,7413
2019-07-30 22:59:27.484999+00:00,7414
2019-07-30 22:59:27.571999+00:00,7415
2019-07-30 22:59:30.628499+00:00,7416
2019-07-30 22:59:30.720999+00:00,7417
2019-07-30 22:59:30.901499+00:00,7418
2019-07-30 22:59:31.083499+00:00,7419
2019-07-30 22:59:31.527999+00:00,7420
2019-07-30 22:59:32.880999+00:00,7421
2019-07-30 22:59:32.965999+00:00,7422
2019-07-30 22:59:33.071999+00:00,7423
2019-07-30 22:59:37.079499+00:00,7424
2019-07-30 22:59:37.156999+00:00,7425
2019-07-30 22:59:41.574999+00:00,7426
2019-07-30 22:59:41.742999+00:00,7427
2019-07-30 22:59:45.664999+00:00,7428
2019-07-30 22:59:45.750999+00:00,7429
2019-07-30 22:59:45.907999+00:00,7430
2019-07-30 22:59:45.991998+00:00,7431
2019-07-30 22:59:49.281499+00:00,7432
2019-07-30 22:59:49.370499+00:00,7433
2019-07-30 22:59:50.973999+00:00,7434
2019-07-30 22:59:51.049999+00:00,7435
2019-07-30 22:59:51.131999+00:00,7436
2019-07-30 22:59:51.314000+00:00,7437
2019-07-30 22:59:51.946999+00:00,7438
2019-07-30 22:59:52.029999+00:00,7439
2019-07-30 22:59:52.226999+00:00,7440
2019-07-30 23:00:00.342499+00:00,7441
2019-07-30 23:00:11.215999+00:00,7442
2019-07-30 23:00:46.171499+00:00,7443
2019-07-30 23:00:55.796999+00:00,7444
2019-07-30 23:00:56.983999+00:00,7445
2019-07-30 23:00:57.841999+00:00,7446
2019-07-30 23:00:57.922999+00:00,7447
